new_la_code,la_name,spend_2010,spend_2011,spend_2012,spend_2013,spend_2014,spend_2015,spend_2016,spend_2017,spend_2018,spend_2019,spend_2020,spend_2021,spend_2022
E06000001,Hartlepool,668.4677586561227,736.3851774858794,617.9268664787465,537.2149138578809,533.0870181508269,513.4555325155216,468.5019206463436,408.1403177092745,388.13704014451224,385.5525395358307,371.4926316126816,282.9974750176728,489.751041753882
E06000002,Middlesbrough,741.538734102512,697.4616171904456,492.4367619823388,434.03650469595954,398.4052336898332,285.8550117416468,317.95517972585003,248.75806781317505,328.169796844685,298.13791916804513,258.22084382314176,204.87669162982033,210.00891958999847
E06000003,Redcar and Cleveland,707.8986499438124,732.4803600152422,501.53994452660254,469.7081021843704,474.9207470362195,429.66348631895033,441.06505950110017,433.95100437697573,430.5550438690289,435.9337919431446,363.75244218263407,331.90904029806364,347.34317191411316
E06000004,Stockton-on-Tees,NA,387.1520262304341,347.98912258499524,226.81367406577655,257.4019188759295,272.0419181740646,255.97785470204855,212.10619897607748,188.09611465510892,187.66342544386632,183.04522778527843,172.8967984745737,301.0999169195335
E06000005,Darlington,435.99170511124805,331.2096229084249,336.8844933676224,295.4839149551311,301.47023291810444,251.6953236665716,234.89819789119312,213.13803726234423,184.6451118684648,162.7532000205775,183.70505845762057,199.1978137683701,171.0643429627965
E06000006,Halton,529.8913595192306,680.0912761166769,562.3934019697921,502.0392560955369,439.1057237359261,439.73596422259845,352.34642681229326,262.9525115415763,378.2614269604058,314.39446828138847,355.1274025925722,194.17832531663635,200.06339767791147
E06000007,Warrington,455.56114590186047,366.1388973834065,255.9010129325557,241.32606551207417,227.336957096637,254.504254254085,296.0034862082129,180.20400303017385,207.06744966047268,196.7416231856479,222.1904056087269,253.95144450717905,231.0044528190374
E06000008,Blackburn with Darwen,NA,576.8468971959201,436.68533839512224,493.3570844563522,381.2825791637731,322.60765189729153,291.29687179034727,212.68903741843351,223.9041972915162,214.6603094917148,229.04299857609797,212.8563350415656,247.99246810447923
E06000009,Blackpool,712.7685775977546,605.3290119251616,445.15771080095783,407.9738540247522,485.25360176415586,469.12830407704826,474.0409730716159,441.9110360738758,428.1677199808067,399.48272421213153,468.8086844624324,450.3504230170239,321.30171940365534
E06000010,"Kingston upon Hull, City of",732.1167494593567,684.5224704192558,512.8701829939419,393.601543890788,393.18033557620606,345.0804248165641,318.62992421323025,291.51323091503593,252.62962279726983,265.7843390421358,290.4251832716352,294.4476678521306,270.7861456354327
E06000011,East Riding of Yorkshire,360.4509453885656,367.887672416438,305.6720940254096,315.99319840596695,265.4182988451223,280.5041908374063,284.83548123773414,269.1864297278847,270.3737411107891,248.19125175800303,279.1853951425629,309.4745908230968,318.30077354964607
E06000012,North East Lincolnshire,808.507580275512,880.912259010653,861.0218501248261,898.8095122798546,773.2241705651288,685.5708720520661,465.8902366221347,591.0047212767672,586.5335012246737,560.2895948142459,632.4350233664469,586.6546148840636,675.024596525759
E06000013,North Lincolnshire,368.9547824159506,507.4352277948732,376.35323923050055,384.1479211138627,382.9901089028371,345.67836610906016,330.3981945068212,330.3792828392955,300.4948021041868,317.6024171976763,298.8232129233153,258.72272856933,270.9542005629087
E06000014,York,388.19077941450325,267.28508573617455,408.9840488811231,411.06626226766446,384.73479805192335,370.0744504770367,368.70446672676434,330.7957564448692,292.74815183440035,290.2185640807359,296.5028895655268,233.41243003887135,227.3210628328949
E06000015,Derby,587.8781652116273,586.5017528611397,295.4143607232949,285.75972254490324,246.60864213246643,246.02108056879015,220.50423731926944,227.2456141343718,219.0338404604974,239.4118645586579,244.5888247416626,260.4788352081783,259.66445348229735
E06000016,Leicester,386.0195547822783,545.9362311709618,414.6574927084048,442.2844522301857,342.16081790522213,285.9522397120804,250.60296399270536,256.3197281801623,230.33734135648032,173.95232647505074,179.08294045190345,181.2010476113555,165.60813541866267
E06000017,Rutland,374.7905748947307,288.5855180707253,292.56371104331794,293.52142855478553,329.5295367267198,286.75927421953605,258.4575979308993,300.3575665367639,303.9555278422191,286.59055119590704,350.8724637756623,241.02977300144192,216.63133664301787
E06000018,Nottingham,537.7915575971081,580.8455478114089,448.211771593529,453.4864442031689,458.77143937798286,426.7626212991683,210.45474506218048,267.0123089518296,228.17636202944485,242.0707757163844,249.18247039029205,103.27454809544076,136.57222317821305
E06000019,"Herefordshire, County of",398.6405398934969,489.368656039708,301.20882736108655,216.90388101333937,172.09428174054048,174.41662540249254,171.4940387915407,171.09569141207183,130.00237676033635,137.16567762700342,246.71375374708933,178.6709633931629,175.45121956798434
E06000020,Telford and Wrekin,407.627795848763,338.2685927370124,408.6720624972,351.8897282297877,311.5730630695593,308.60647598115014,284.76076560303613,255.568555137518,234.94508754719337,204.50608783954976,209.77153467022865,215.92345245728157,224.32296291462163
E06000021,Stoke-on-Trent,606.8714574996177,636.1376635275998,412.1180484487286,285.1216619454688,278.6463994029446,269.3834362933342,240.96637861204863,253.41899222013635,198.4976604393294,219.5210309020571,176.7908343593814,154.40740361564727,133.6892488713096
E06000022,Bath and North East Somerset,389.7359739874511,380.53433182012066,312.76143842676083,279.2248350916175,366.3552405055658,386.3023726803219,353.92680506803737,356.04814492750216,321.2302541770996,270.7922084721067,265.93030747164704,269.4551975468933,295.1307575320978
E06000023,"Bristol, City of",502.9419270456297,490.3019057949501,441.8215912570646,400.05956170973474,456.44694573653527,354.60455017437323,364.30773171238064,351.3792955050062,358.7014899833778,271.90306454183093,283.7008232222541,272.6463017776831,306.92389149622556
E06000024,North Somerset,271.0084087033741,260.565852931973,259.0292400875816,254.0921756764762,229.87539934547937,206.26605206435096,210.8819222530225,200.67628383292077,194.56902651973135,207.28418184734105,199.1873676012468,226.25417150215867,291.1667608787737
E06000025,South Gloucestershire,306.6283207053831,307.5772544974246,224.1622041527422,215.5734193932954,204.69823535340328,190.07547994379047,175.62061300234586,173.91518492474225,168.31320587797978,172.164957296568,158.84436182128684,151.76170129876465,174.70839590751422
E06000026,Plymouth,550.9634593210556,499.972113984267,485.57695382251,459.8961546902888,459.6499109098598,428.81523889675367,471.8597783462211,351.95211378387006,336.7267135673613,319.22268065057807,295.710633484428,276.2737584493768,258.68033535051376
E06000027,Torbay,479.04518001694464,512.3120411777188,540.1345562130928,445.6662277790441,434.0387587985363,322.8496650063758,344.6371904430105,321.3731123061666,275.8634683707033,274.37444287012994,248.53403999711244,226.3411653606231,191.72705671505977
E06000030,Swindon,248.19318363252836,359.7859042845854,252.30605183241337,262.8757749263643,178.1441395716127,219.38648608388897,257.1886528394884,191.19698993657204,134.28858735515354,131.79641467667514,72.24108047052212,147.8665544529306,176.76405125734618
E06000031,Peterborough,580.7731164084388,208.18227582402488,194.97615030068536,261.74759171419197,242.97267904874133,151.59799122673178,112.38534366176408,104.65670849089348,100.6411952795307,313.28718288687384,327.3285531992092,227.33710397051445,152.4697010632235
E06000032,Luton,467.6693157400447,349.5289562024643,326.6771859879398,329.1760325493274,285.59229505888993,250.10804320605664,227.8643780581869,190.86089303003996,195.39220575267848,150.63302298858181,183.5518635823682,182.2476411164733,122.76637811394868
E06000033,Southend-on-Sea,381.5724334611429,320.6832334759899,247.45668994695572,249.80550400500445,202.0420631815373,210.30856246316625,214.34337138277667,198.9179803810739,204.18508296891875,208.0935686901232,234.98133764272893,212.08674845843748,221.9185142664331
E06000034,Thurrock,359.2964603318287,706.5596857083395,407.550460422464,580.7721549831602,440.1839067784176,429.9492768064937,258.15056645016193,174.29103340582068,284.2147704857077,251.84924950628036,277.8958455555205,315.59385210459226,322.4411121313511
E06000035,Medway,527.4324390631313,450.9696994302995,340.4677876379519,279.3385116987403,291.09049522529017,550.6563950406855,553.6155268375351,533.9653698170438,482.3131588002247,123.01697364063038,145.10772809600334,108.7068766136335,96.06165509286905
E06000036,Bracknell Forest,370.27338661111617,345.56069985614033,290.4639439944689,268.94465405166017,250.05517742270007,248.51076530166748,241.76836475386935,222.38641752520775,209.5683343841888,209.79021171679548,210.82051274377875,190.2254093161974,202.13255550946607
E06000037,West Berkshire,332.822339012031,368.02313235948577,321.8806006333214,234.49148948901436,237.33960395333156,293.57528811032137,243.793710748614,199.229222562076,193.14759083524112,134.35940816869893,132.3172342877259,103.0931881301087,124.0139455784824
E06000038,Reading,516.132932727505,468.0079997734438,370.2181055888786,356.7073071083238,288.6060172291032,269.59841368817143,254.92122965015247,271.53722964924293,240.8378907756805,194.72286056944185,186.37332079979552,216.1030628038772,225.2889727795608
E06000039,Slough,435.1488141405735,371.5614086440025,324.3774590864589,264.34256372152464,155.63185921471424,216.3521351698625,92.18964751925223,103.52764510923062,107.75436421703388,183.82279607048176,228.50250618147007,172.0565376427602,207.75796872808357
E06000040,Windsor and Maidenhead,337.1271531182733,320.2086753678365,307.6611430856141,230.19646342952856,215.65159970059335,227.4313907925492,248.89511961198735,227.4071788941178,196.0712834717706,187.90798665131135,198.90757777601416,154.7692277600217,146.59576307953262
E06000041,Wokingham,167.90191712795894,283.8566278086483,171.4580190768554,152.26183202738687,142.473265478407,127.8470828487726,127.80830657099888,80.76231478162774,108.43580073213148,101.71246062882317,89.54244771845661,83.12176509258809,91.17567975822146
E06000042,Milton Keynes,405.4815780984484,400.9347583312725,308.9168235376738,272.334429192294,285.18585374648944,262.592736225179,199.70119036724483,185.03900212685215,180.4766880823076,171.401346034052,185.18105218048933,159.60713256803143,178.1151696209707
E06000043,Brighton and Hove,510.15882703987165,431.1572071962199,473.545238167378,393.9743428755131,447.102250305541,485.1934243893076,415.7279260155503,379.0766173537715,323.20219343034006,298.97208932338083,312.2278509389757,317.80171536419107,321.11112280237137
E06000044,Portsmouth,450.2488060954457,503.807676814008,462.6486129596627,419.69663348076983,334.7797460382455,318.8676458871041,271.89472654044965,261.93601942459907,277.4893729729345,216.7820053498772,251.00906174276471,264.02512150126324,434.5827146222477
E06000045,Southampton,457.2845659861025,424.72030082186274,310.3190644663925,273.1341358495288,308.7308750093222,298.12721103125546,267.22460244564274,237.9325272184799,221.03487752011208,340.7298956990141,225.86011958587883,209.75569077495564,238.7954796613504
E06000046,Isle of Wight,486.784889613182,453.8116169264739,316.61149754097625,303.8945482822546,264.7154652996384,283.40517249676986,234.1299127558615,198.31893928675373,172.43048595118606,163.2889266691359,161.8530576399643,191.7063107048949,284.2359765941473
E06000047,County Durham,579.7319956239878,562.1717902607053,448.4863590497058,415.8646038711647,376.10508368414185,303.68863096213005,254.46965845265777,208.7132808172617,205.56299569042895,186.2408596019602,205.396930305336,181.05757829335496,185.997660440077
E06000049,Cheshire East,234.5721109413367,325.71050620914593,231.87908676401267,221.3154060369764,219.6422937303845,214.95182645536872,195.73897798838377,180.5715998003785,164.10990071977045,183.5905290533331,178.28006400628587,152.55678709410907,158.06542323536056
E06000050,Cheshire West and Chester,358.7726007165017,304.0054408156305,329.37550512804273,263.02357597735033,233.7892870930957,218.4198446163668,210.0480719693099,196.70317633773257,206.80239895681743,180.8791983291377,182.437413785733,175.41716169116327,190.10711664006985
E06000051,Shropshire,350.2644140414787,308.2540460690331,291.7667882257807,235.15210309223696,270.0149737792638,205.57427442029888,210.11897648318293,149.9215718134802,112.03660869800368,90.09215689227996,88.07025846735577,106.75354577876855,127.25825229886084
E06000052,Cornwall,305.97374174680016,496.7998807891185,492.4156172847336,452.5907574554637,381.916020178329,364.5286075011408,353.9041202037738,320.70001774491436,290.05662941220726,303.39293437918354,329.63822535495444,341.0727951077656,321.226125860036
E06000053,Isles of Scilly,NA,1581.0014063214792,1660.9417940480903,1471.6655618256257,1245.5084761457665,652.3411150487923,887.8401842980028,676.0287901454345,403.3998142811131,464.56219291495967,238.6324282904718,66.83920550898905,44.13407867685356
E06000054,Wiltshire,262.6530345488462,119.22781698339216,143.89265616001387,227.3389149957279,243.65597241452775,195.7727500832683,189.14748003593132,172.1802100810409,162.28848548096587,150.9952476625146,167.51722877274491,164.1632071048117,164.2097683506478
E06000055,Bedford,621.3277239344947,430.4958252070526,349.0668074821761,279.47128630677804,265.4582394425891,238.837098604344,193.79713987354484,181.1874576009581,192.83369961909412,186.991989743862,190.4038635452807,163.9825856073396,233.28964788601107
E06000056,Central Bedfordshire,421.0803019902942,352.0570221227552,371.5129512200079,247.45607695112903,193.0078380646445,176.44286811415435,217.2688681071508,190.10055726274072,197.3006929109172,159.02604947544023,175.4790241768781,169.43330911936832,160.4070077806782
E06000057,Northumberland,479.31857219224145,509.68089509448833,396.0081938953537,370.68278208620455,299.1424152625792,274.60015664066594,274.00845648121657,245.2659381242945,254.86976627723448,238.40608709608185,230.16158012098143,203.48286503724304,192.57422253872195
E06000058,"Bournemouth, Christchurch and Poole",354.4153900716609,329.262606339597,298.45157411330507,296.7673608639302,274.1438254702936,283.6190348047673,283.9484594149515,274.5885913112631,253.0103610966963,193.1377415624373,190.42192932142208,163.63011030715134,169.9203667274521
E06000059,Dorset,314.51297598222266,451.9772769674964,376.13091320989463,366.9903136774063,374.3880896883678,358.901679455854,347.0641633497704,328.3622249803145,296.1369430765636,243.63240907140536,258.97952888349187,280.88395732825796,325.08693527124944
E06000060,Buckinghamshire,312.4624167387816,294.5300065400919,326.27455995734766,341.92787714742934,317.76931144981364,296.7144389990347,258.2782818461697,203.69024531220552,187.65792049604235,174.11527118487882,145.98500770494454,229.54229410637993,237.41448220852783
E08000001,Bolton,657.627785095306,546.5927379709275,422.1126037968425,343.73331246161285,307.8486427136179,270.4780742562609,259.7301034084694,231.33074108395135,220.65538659096123,220.78669768940608,232.47721724924105,203.5542742979593,209.4188951932459
E08000002,Bury,438.7147202689706,464.0278457584512,346.0019805293705,275.6577487759818,235.90850720389147,222.14513697023065,210.7606381015872,208.84748050010924,184.36995956451065,197.6151908562578,190.7081440614056,157.68013339542512,168.70918211057605
E08000003,Manchester,523.452188723797,772.5053697070883,508.4000584373882,416.4023142887867,287.72620607218136,212.50416919107684,237.0059996083432,277.76390605761486,275.3689036453691,168.63603753001826,179.43276141134,166.42551242467465,202.88906362273
E08000004,Oldham,NA,313.55717445111605,363.7083912771916,335.96565989067267,311.3570001872435,258.2474350524133,313.12968913168595,212.71758331279997,184.11060861141783,290.94415466936493,293.6533614455958,303.2896344330564,302.4233521762256
E08000005,Rochdale,518.9484718908441,485.24334455633186,464.1384911494327,404.041469417457,348.3837420147765,321.9635316064338,261.9455911386434,231.82065619375703,226.6155105842357,235.10832953387205,231.3036551176698,227.11285929419304,240.4150587401007
E08000006,Salford,542.0509132847961,511.95115890590296,263.3502703316666,299.6481110671326,307.80190659098844,251.08126820622377,171.98041345386304,173.2166625284212,179.97271473007646,235.5340716696543,195.63131682426896,200.7816637370603,188.816086027444
E08000007,Stockport,287.54594560418144,474.00123136251705,365.2038841323792,339.72210469895253,260.598734199307,254.91935702742165,244.7446592587268,272.630369544256,243.86109017785083,213.0887021063334,228.06669875564708,332.23529849123395,211.61896227469649
E08000008,Tameside,602.8320904180774,703.4411623031212,367.729487718276,209.77613709908147,212.8644354216614,194.4479034793198,162.82499920705865,163.7788095397206,356.0270534763359,320.079127127385,312.5885784904559,289.2487808326656,325.60078940140284
E08000009,Trafford,451.8904287530432,437.6761909048275,384.55879959736507,427.5935251984774,338.5587025206722,325.4317785784005,204.40230353034053,177.3556209279858,134.20832479605122,139.23635661687675,152.7627597254386,151.3990318352659,156.18986347499666
E08000010,Wigan,483.1491703834604,528.6479263963059,469.6846548450733,404.7922388806877,371.3077371054741,327.8196184826463,303.0015190928317,296.1410280836118,250.2095335322961,236.6493182654764,249.77944804081716,216.35408665612655,223.81785052631272
E08000011,Knowsley,428.5113641226991,539.2466614315586,486.9574822896286,361.8229649586346,549.2856893960652,418.4297988093279,438.3000582076479,360.8630077942208,319.4880670269101,317.04829377000664,342.28734234267154,324.5172899145686,260.6134856282884
E08000012,Liverpool,701.3119293126838,638.1775113441544,499.78795517637866,375.605036586236,351.4254623842561,326.82865639076306,308.5520496507363,304.7725675222772,259.92467920447393,315.50041437478717,321.9514406273847,375.39542902889576,348.58365872894876
E08000013,St. Helens,562.3136138293289,567.5804231886459,376.930152697019,326.21701284610464,313.7781093850835,256.3743767733195,218.16092363341184,178.57652170465627,186.88867357832177,187.9715668392457,209.32578549849356,280.31812387491993,348.23131131630436
E08000014,Sefton,420.4583143255164,528.8518739655635,421.99462027493854,489.5134564868456,452.9662605173283,445.23209020682657,485.0343607090755,489.4377522415505,403.0777018170462,360.3002930595238,291.3977058721112,295.47887915394165,309.05340725194014
E08000015,Wirral,430.5192802652445,534.9137032299283,545.5997387395686,514.9312760777381,422.5248989380325,370.6277519908107,315.8972225566246,277.92525444225396,258.0780018005369,260.4392236814028,296.70526927267656,297.37229675137894,305.13802276743905
E08000016,Barnsley,720.0022533413436,905.9882121343484,549.5894534574408,488.5399401162318,429.6521015329118,560.6782316471039,466.60353160956686,260.52261579107875,249.17506993693257,258.31479934001993,254.93385535125097,246.9434200726296,233.93685589836397
E08000017,Doncaster,428.9650787516799,496.6263871473313,476.1633097747593,409.75562344335106,396.550269814651,293.84720055790666,230.63603052499323,227.14357414282773,258.4849228484653,242.23678765521277,275.43691412361096,250.97307123535904,266.76961262329786
E08000018,Rotherham,489.7851340750044,369.6416457726611,384.06660957496496,409.07695799939336,405.1826174448974,358.43600491782763,347.35507611359174,316.21700767087924,285.26368021691593,277.00549154035826,268.7603859970798,261.38678673659047,258.3108384952764
E08000019,Sheffield,775.4501472464433,654.0000207432894,402.65883564273616,436.8528527938636,336.3537415638178,293.6581972186792,278.6920237179622,246.24022475623653,251.8775924325909,276.1631571891833,299.96041578828283,306.24291051216613,322.43346702779894
E08000021,Newcastle upon Tyne,884.2398883635242,640.7854826966138,485.80961400280864,434.6978510375152,461.812830106239,396.8060235132056,318.3102416029639,331.979010698135,325.59413127054404,308.21862991059885,315.0176229915731,303.88756790555146,316.0321500563052
E08000022,North Tyneside,504.9143269392445,425.684143014249,334.40178786306893,435.545190646457,358.61427748933335,304.84040161090905,318.2566083585861,263.9396995944715,230.16006939118867,225.39186225877128,222.3037719024608,229.5504460377426,232.82112561329149
E08000023,South Tyneside,655.2865470388989,533.9167250872912,533.3852678073289,422.3721851681274,377.1242770412856,387.4842607899813,400.5888880277141,386.7259848240421,355.95135510098146,360.2107383600747,367.7648024984052,376.01533782661727,399.5724358473537
E08000024,Sunderland,754.1344446257425,586.8991962471307,417.1439682720488,322.18724908063894,267.8644036928737,241.61104098617935,264.6975888534811,224.89173760188737,178.48154897843276,111.36076448788803,129.9230048932515,144.6331220508972,153.90889741548384
E08000025,Birmingham,442.8545409891867,395.54394752437946,325.3349080221627,303.168898970578,267.2864166358958,212.32449166265815,258.7180647898759,242.59232293906945,188.7750694366272,189.05943556575957,184.56239287457325,114.39271433162976,157.63080763525002
E08000026,Coventry,576.8297145040153,372.0246853577919,392.51201297660873,339.2811322103802,229.60357282364765,246.55257623378031,247.6423822801008,225.9229140666635,213.70105653829685,181.69221291412467,125.6563781424362,122.91953385498064,132.36213520515963
E08000027,Dudley,411.8044765081049,445.42064688178425,341.08490497254763,335.3263419384131,288.14898221491336,233.2312759598737,203.2222075767911,197.29235246290136,180.0420149127656,166.03368774175857,172.200570193812,179.27054429848175,176.90309419403349
E08000028,Sandwell,348.05562016779805,413.6021284140818,332.49350222835585,293.9270187406241,347.1754538825179,343.9049589754523,299.5686422694665,296.8731230701818,253.76296887902205,197.2958241320488,513.4133524216926,181.69239486650056,158.93234467158592
E08000029,Solihull,412.0570683850144,358.22445832892873,336.01740135724407,276.28668329919407,244.57374756492413,229.24377914343248,199.9149389824647,203.1057020548811,197.8497809387674,182.31841750688508,182.06942247307379,187.54505848359673,141.24831720217782
E08000030,Walsall,536.3334047054774,534.4800453527828,504.80130767050287,452.0784043888541,388.8052155891653,325.98911013443137,284.55515444039895,184.5948738252168,170.64308987204646,136.8788431004104,126.29216439388826,149.0382160347409,118.613042447252
E08000031,Wolverhampton,441.9477049120636,451.09351691427855,486.04190313579613,359.77525043997093,381.0507415711068,350.33963474178387,312.4760413941238,268.83269855303433,334.6998307959965,283.38749285595213,231.47385748244915,266.5328767270171,307.988890348956
E08000032,Bradford,542.8845154519942,528.0201375227055,429.05408733020226,343.74691632222243,315.43227537901595,289.82323181741765,256.1663080733715,216.49430834852717,202.40394111953492,185.15240454075425,157.26888388654444,162.41433065431804,179.3961321692883
E08000033,Calderdale,393.3342922825385,474.1924684304667,626.6550430286303,626.1926909937737,467.56858224653206,449.29224882094434,406.8885173587026,372.7323542082977,325.22648556811276,328.0571870976841,346.27659203185266,308.27820783960794,288.4349457491357
E08000034,Kirklees,403.7397436793643,477.36012682321626,331.31889665553956,331.812219654962,353.6171577964879,354.3785225044857,315.4733414151788,301.9387312009396,248.54798764313225,206.8538710603835,221.89624622736136,220.68937849174225,229.9542797186327
E08000035,Leeds,530.7115368483506,527.3872805708385,410.7525433469023,343.0681233605699,315.8254674622106,297.0811198589458,149.83158939705498,194.34724609493503,186.38241707418325,193.8473059930951,209.8879128662557,211.4262603554594,194.59108888954665
E08000036,Wakefield,548.9251966043701,570.6529140209639,438.8941775463004,414.6286049253563,401.7581105701528,399.1767502733778,315.2053546703904,259.5585368771772,184.9597261313917,192.83348080634948,201.76725636481697,228.2859459467269,226.1266799246182
E08000037,Gateshead,442.7642050832631,475.5056559638948,432.1931372001721,358.03603005865193,375.2423842088846,358.2801241452987,282.75589467763916,247.71264508252884,237.46534015903325,254.1122660132138,214.2684360661493,209.6704091417719,219.0934434162602
E09000001,City of London,2365.12762605042,4023.527507156558,3766.711749062202,5201.9921614449,4516.159974149922,3858.174318631409,4645.536690268753,9619.69190539144,9275.941545231184,4646.150538765255,3537.579172624185,4177.791973701297,3224.883993330812
E09000002,Barking and Dagenham,486.2451579760268,502.4828732159205,469.0691321736966,434.7242446557008,373.1433484557336,314.10408637329806,274.7586327014743,151.252864186003,89.9060917889652,97.78253795332652,214.22749362679463,148.6393034565839,182.23380128280513
E09000003,Barnet,368.982005355537,382.906142185401,352.92692632276186,309.8836137834689,285.1068976287085,233.0323884268514,186.80221775310696,180.85172167546096,175.82818798495956,276.4821935298388,268.62460536244976,187.26227782781243,240.9639852270799
E09000004,Bexley,391.17383671390616,343.8890556325113,296.2993410289365,272.3306360836991,240.7043690430036,202.98226217837205,206.45900708534404,152.7208267280801,163.6130872864093,154.42436439737605,150.8594540239799,118.09652656857448,105.95209110151684
E09000005,Brent,NA,559.4363918920411,365.7174123047601,435.8503003802146,252.16165138608213,263.0707992487728,268.4417204739547,206.98231192443248,320.75646542090095,221.70644526064407,171.93576665160165,185.00721890981688,216.20728472555655
E09000006,Bromley,280.07532285358036,229.3109170399313,188.95531697147663,151.32762609363635,186.721871703558,173.22323747605924,146.22035890640964,111.3924778063027,101.15077510569212,109.57305486242144,102.185990692869,119.4836454635747,118.12193170581634
E09000007,Camden,823.9430225081969,911.1586222521815,1001.5873248792228,804.9608016559067,968.8403721983084,985.6785250508408,953.4165310801858,876.4476618413208,984.4294140986054,1077.5363264433738,1001.8995531600988,864.9762527029667,924.316543093398
E09000008,Croydon,461.8534190678659,390.9499900933756,301.0708729484403,432.470424551085,230.97516467083065,193.3915217247163,241.31961924534923,283.4687411493778,217.0290528211107,409.6087573578432,599.1092646597491,592.1552323771143,265.8909933040333
E09000009,Ealing,447.2089273091649,502.1675167316008,368.588908656662,313.51556088448405,254.45318400632684,268.06273420171215,243.0971596678989,209.8888592179539,239.08341053432625,181.11841121382596,241.1246849810904,254.9801694704569,261.8519256627116
E09000010,Enfield,437.3792926239099,404.9416440265916,365.45541659947946,337.8872970811345,321.88127057758714,313.1041277726631,305.227095635701,257.009149666512,194.2058164888749,178.28585756082694,166.01536838825558,165.80903336751106,161.2733127631708
E09000011,Greenwich,644.6231255214859,660.7205402884499,522.3285682824552,416.2481370024095,374.1707579960486,373.1200319298851,412.9175252647529,392.9349910287174,293.5743599606856,250.0131343414321,245.61767390031537,263.1485216681039,211.13447844946091
E09000012,Hackney,953.232344911599,891.3753064836819,804.4961165428184,706.6817483509698,647.298995283388,635.4306307787873,659.3317823204083,618.0716333534941,610.9322146245829,650.6034416514316,625.0662534482196,654.1485470631395,629.5637328355143
E09000013,Hammersmith and Fulham,709.5815096349241,685.0177542990895,539.0266052473911,638.7804962988329,494.8823918541783,434.10478337461166,478.3506103923536,642.402529300887,437.30284965770016,407.1403979911436,555.2856993391894,566.3462372045393,486.3281517160826
E09000014,Haringey,389.66837767706687,600.8407954575639,365.365918414766,330.2739754633617,387.71432059702585,312.00861283170235,340.99544831406723,345.7249034027,265.7434039552483,207.3540713757035,351.53252460976904,368.0192473187961,353.95474354639947
E09000015,Harrow,429.490310830097,455.2206894907655,263.0990056398245,215.72836782627496,198.39508594234513,200.00700135441696,196.1782452623536,183.07926222702963,182.6522833978834,169.94618099508097,174.4878811172311,164.50945765972224,189.9542693013081
E09000016,Havering,414.26977965723734,295.2971704423713,270.50256118573924,285.95919198953857,254.70264588427705,178.7705118332596,171.17294696105944,120.36567267128582,111.53343056281612,139.39027260587594,146.0385882458644,112.90832954594958,127.76315914892253
E09000017,Hillingdon,358.91453537936917,299.8288171479604,300.654837676959,234.08864163074256,248.10812052342615,223.17521819632668,211.83244845991436,281.7854486438587,178.64677754024586,194.0248854061316,194.06800270008145,213.68101159228735,180.08166959891662
E09000018,Hounslow,442.5416834608123,369.89232752521815,306.56595958940085,299.86583460632556,247.1811697433786,244.97917742117403,234.62663573407073,180.6190828859515,175.6126827495713,234.134959138784,166.1984064097515,181.10172534213535,191.818867062048
E09000019,Islington,1050.8415196644328,1231.9157966786206,1065.537877847992,973.1480373017883,821.9355389633005,793.4002180624025,792.9774770430503,656.0012113306171,717.7021148192892,781.0609172971941,727.6576153661462,697.8695138933609,553.4029989332554
E09000020,Kensington and Chelsea,767.4222687864493,747.4824441468362,770.0198174576772,816.6958149959775,808.5785615342448,774.2281902703854,722.3312488489727,499.81102270947264,364.6171701776549,588.9578634719193,442.3118858505869,571.42885880012,480.65972053924975
E09000021,Kingston upon Thames,591.9919876417646,386.8164273990048,448.5100688134981,395.94408454812793,425.870369589673,402.217208559802,260.1988660634427,227.8549449678678,215.92062990998045,258.5479852445052,243.37890635059807,248.70488716310896,183.40544828651213
E09000022,Lambeth,683.7433574480468,665.2099065734617,482.3319205171168,402.8528504488556,329.18043227481445,279.8537777443881,292.40271357944135,332.8177874645968,354.8441355523156,368.1785543517111,335.32632266323526,297.41063574002516,366.5808888281232
E09000023,Lewisham,656.103307931946,546.0505216875687,377.4447210957513,315.5371578749481,446.30282981420424,376.4865336784222,343.7103073157176,324.9300804204353,325.4292821991352,331.39301624346206,353.9988792031839,254.79797454937324,279.4416779380945
E09000024,Merton,353.47631305544854,341.06970058826516,337.5430575995247,335.47088675222676,371.3331683978023,395.80060607585654,376.6990680273296,284.32522768472217,275.5649136391368,264.8761809586029,235.72407571835677,210.8224424090081,166.59512749839237
E09000025,Newham,NA,540.1964860502767,470.993636290795,370.1863443481875,304.6644819413626,354.4462770716773,424.4969931542167,405.19820900927255,321.2287557757136,309.09458868356074,321.22136045756787,398.5223101523326,213.47086439452607
E09000026,Redbridge,225.90591978163033,263.01092307324126,249.00359509294597,232.7752827892168,210.1622229324339,191.0812662866144,135.04085390582392,117.53985058435288,128.1877649892139,132.24306888836372,153.04419499961037,148.54254198259144,132.66675277675037
E09000027,Richmond upon Thames,416.82488102703985,339.89458306667393,272.61617932108066,287.22154314533776,280.5067643008085,285.8906582995746,265.6608519705075,313.76874032256745,217.1373600220666,230.40071988736364,201.55930311346503,231.80729679660809,247.35293166132055
E09000028,Southwark,761.4606551759684,1043.5559955042556,607.9465681012316,1093.3195268964375,615.23804405285955,598.9677984049945,410.12315191598054,441.3587765914491,333.7703936851212,314.46131886214954,230.27663223526267,330.64749606936226,334.624621469498
E09000029,Sutton,454.5113499310235,455.5550823439055,355.19073661465393,300.8485927495631,287.2404672624894,229.08911394380388,281.2268784333843,258.50484740097073,231.2213837988472,175.65410862803554,166.07645555043172,177.15153012207836,146.15596464954444
E09000030,Tower Hamlets,1021.9341648141092,1280.7407577969525,871.8666782632281,839.7786298681342,614.8172999740178,568.4208694927685,519.2311436107717,554.0874801784512,350.03399563954724,443.9515069357281,426.5388317909621,331.4771323574251,306.29370003072506
E09000031,Waltham Forest,371.12830557817415,369.24799281615407,292.4340031459742,192.58144467560533,220.49650567073235,226.83064592183064,197.56509065093968,211.41925253337655,290.01063609731943,273.69256963922544,301.27303322927565,283.13381053449996,296.31716384692095
E09000032,Wandsworth,598.1445104575164,544.485827299534,464.9597976495626,375.923529678056,384.17548505668674,434.7562376660408,443.4167138042635,381.5874620423327,358.27237029347236,361.14545762109594,339.32391641549907,293.8829701651566,364.41284444269894
E09000033,Westminster,849.1270799402403,624.3100768777172,454.65409121008406,487.3360048938368,495.5059976036923,431.4900930933285,415.8833949528998,371.29483500726207,126.40832980289429,417.8597159023961,237.68368834600795,305.17837769941747,227.00717206200144
E10000003,Cambridgeshire,315.0112935066381,289.71606307964265,296.95165547085435,256.5000677565715,346.60893675548033,335.77553177949966,305.3329789414065,286.7546794462096,282.23025090228384,259.2095706802239,254.98778674766217,244.2654083865087,252.2618108710222
E10000006,Cumbria,281.66769147169043,342.8935016054274,370.4547493291579,283.09732678094093,301.9304037193602,311.1396250474085,333.2278484876833,342.2720105312809,312.495420726767,295.68668463203386,275.46362664700587,256.4781221978743,268.7188530016278
E10000007,Derbyshire,343.73223381238034,455.75419122840583,382.1644361989497,333.90143280224936,298.4851084723234,258.7976576895996,216.54218225705185,189.78321552127125,167.58061426325236,159.81324055160167,127.29235911379764,109.26694771927656,174.03185058243884
E10000008,Devon,412.2767470313686,360.9564922730127,384.58357942235136,377.6519983277447,314.4431228321697,261.7990693807851,225.822725399334,223.91466913242496,211.1029887461766,247.9093788493425,248.339761510877,244.05427539948695,291.5910091473624
E10000011,East Sussex,512.1932039538893,275.50519980808394,356.0698358527736,277.431245264231,308.8518400289766,294.7553826980832,316.7020631496098,265.77408044883106,198.21836382689656,179.95483713332067,190.5291674369798,180.06243766902193,199.52481707082612
E10000012,Essex,363.19826202622374,387.18622182487945,311.2786716392512,301.2575969022044,254.81109074667705,169.3873598784763,210.60820218870563,196.58871455245773,204.9152591362256,199.76915479685545,200.1064106151371,237.86522811372672,291.62702096278747
E10000013,Gloucestershire,369.4333155628119,363.6272265278509,345.24265623561803,287.35160820710576,252.70423284380823,225.17440106623303,213.73635712311625,211.83755999721976,188.9496457959193,205.272692722268,199.6499972218222,220.0839147084039,256.65675801020535
E10000014,Hampshire,283.9485879820425,261.0597840363541,231.01589168820283,224.62907814103065,196.9747279272364,185.6427634663424,156.7819833929602,137.0401503659334,107.76281187831636,103.2591199222717,89.10394480131389,107.72185258341612,145.22631128097132
E10000015,Hertfordshire,409.6853210929507,472.7914475018706,368.75166509423354,307.46766170580713,264.91862147141484,266.0273957281379,259.8200913426422,241.33106110047845,230.252811311389,221.80781219445308,201.70198369444165,201.62667917095945,224.3360988266154
E10000016,Kent,377.14451015701786,336.4169867935232,311.02259409650395,295.87528142168173,256.4500514066698,211.2827129888624,192.44423272576137,176.56618856220186,159.38589928443793,158.96036497185057,151.4406725883303,153.8188042606876,148.3420356051457
E10000017,Lancashire,524.6084311388531,530.3253813575433,415.5632156367465,383.9096552633809,365.6207868082479,272.74729626276024,232.71251098606697,220.0053463138403,208.5202641624338,207.34479353504636,209.25468197502164,205.17999483549383,224.4080752289952
E10000018,Leicestershire,287.4838680731853,255.2742772143044,197.12475570505185,144.0782943694659,220.93373359182868,209.83578216768444,228.95007290957145,185.89458811413607,191.69473181217583,196.56442443954396,160.43829445493523,170.0905084148559,175.68503505583365
E10000019,Lincolnshire,403.9321373235403,379.1387156603019,345.73626237577895,363.098043037243,306.20716284395183,365.43945153565534,303.6098238749765,281.98639292233867,282.56932700988983,270.1692014982298,275.6067254246013,259.083828160593,297.6183360102478
E10000020,Norfolk,326.8967682227217,341.9462967297072,270.0125368635735,277.58009383068685,343.77597524140356,359.81875263930726,232.09377256581655,238.8253347392774,205.590937133515,230.11102242635863,244.0384453294176,240.2622894034864,248.4122100993004
E10000021,Northamptonshire,177.31594246971508,292.6265187323829,174.13367272801366,232.34106249134229,220.29729278747376,217.0414834427182,178.7930033013712,128.94681426995768,72.30985834100899,40.087885582994254,38.095794865840155,37.04937474636551,105.09181049279096
E10000023,North Yorkshire,331.2108527465403,323.0680668000544,274.37121477883096,327.7203308078075,311.97526212436463,315.8630283086445,206.2968462449494,224.18247653656695,236.95814842950568,241.95260081793052,225.34132814470988,238.49278436171463,231.8559384360883
E10000024,Nottinghamshire,392.6933716140532,360.4015997983716,350.47503182883383,340.11622112439665,349.25789466467097,350.41371876821734,333.03354023143663,261.0723973540027,256.5758726346415,272.8730652567869,277.56423921170614,282.45819622800724,277.2853347442483
E10000025,Oxfordshire,374.9128069577651,319.15061487379376,203.79075649518091,255.28206410043776,260.11141663598806,285.35814581608696,304.84895456176986,283.9672946377556,150.79266159259666,173.75479930696318,155.36172443798614,161.8407941583086,164.31605294483725
E10000027,Somerset,346.8607124826486,316.7258972916057,231.91660524936728,305.7054352255294,205.2753323836556,192.58630878328907,179.3141211020715,149.9041910367718,139.4599304403242,127.90075378206188,100.6852418340966,109.25966084021172,123.56777155236368
E10000028,Staffordshire,334.94454531199887,298.67689973627586,246.18614681057872,209.44319396472616,180.85657479112112,174.8800667170517,148.8680892023198,125.75850943108912,113.31759909115073,84.201201009444,78.85380739427507,78.95252611805648,72.26789593498606
E10000029,Suffolk,317.19833817455554,253.13400863321007,289.0246384357621,294.1811256251244,285.3205439456931,282.73742586524514,242.4680690737422,163.52841919915855,155.548867439155,153.7010608396613,152.67857378843345,180.48907036988737,165.1819364371213
E10000030,Surrey,357.1857297906392,229.0416741004831,233.12294581394187,257.3324559394275,344.2134238608118,315.52958402178905,299.47996722044326,305.86637086160823,288.18994293951,274.8555806668013,207.20155348836107,222.898889895056,232.80135421914045
E10000031,Warwickshire,296.42571389349206,267.9443576519846,259.63939866154493,246.57482007780325,199.51377022487276,165.32035391898148,182.08574991569063,150.09851851804984,201.23672732566237,190.73917557880984,199.28557126169488,210.36446501800364,242.41620180354505
E10000032,West Sussex,311.01633895671097,352.00123950664204,377.6703851461135,341.36474168676574,305.62631137498596,313.0465489057169,252.2657631652922,249.5928698080537,233.06060144279985,193.58656564035863,193.43587919621612,165.90801509301576,170.95248392610878
E10000034,Worcestershire,345.9103580258811,320.25097797102853,244.69789875390097,248.61920581436752,241.5298712378379,261.60067413638865,227.4779453864705,183.02243980714985,153.64160798762092,145.99803248007726,154.08722098932668,104.81438758789515,141.92039427198716
