code,year,la_name,cla_rate
E06000001,2010,Hartlepool,85.31099736311464
E06000001,2011,Hartlepool,87.61676619537818
E06000001,2012,Hartlepool,92.95007482481024
E06000001,2013,Hartlepool,101.49196250789642
E06000001,2014,Hartlepool,110.13986901400584
E06000001,2015,Hartlepool,87.00193540342215
E06000001,2016,Hartlepool,110.71107686093625
E06000001,2017,Hartlepool,136.91797301774022
E06000001,2018,Hartlepool,147.91446929879294
E06000001,2019,Hartlepool,150.9042724081143
E06000001,2020,Hartlepool,164.83893415484394
E06000001,2021,Hartlepool,184.70689871191493
E06000001,2022,Hartlepool,165.30664382429404
E06000002,2010,Middlesbrough,109.20698924731184
E06000002,2011,Middlesbrough,110.78839370612408
E06000002,2012,Middlesbrough,117.12407187181526
E06000002,2013,Middlesbrough,119.3515859083996
E06000002,2014,Middlesbrough,116.70124588497934
E06000002,2015,Middlesbrough,118.54495004209564
E06000002,2016,Middlesbrough,125.06984758097823
E06000002,2017,Middlesbrough,143.42632517576857
E06000002,2018,Middlesbrough,149.5105296367841
E06000002,2019,Middlesbrough,164.27098471448974
E06000002,2020,Middlesbrough,194.64081154711593
E06000002,2021,Middlesbrough,180.0328605452481
E06000002,2022,Middlesbrough,158.52501555060928
E06000003,2010,Redcar and Cleveland,57.86604942880609
E06000003,2011,Redcar and Cleveland,57.54219089984076
E06000003,2012,Redcar and Cleveland,66.73454345719327
E06000003,2013,Redcar and Cleveland,67.73681517588376
E06000003,2014,Redcar and Cleveland,67.94671801126798
E06000003,2015,Redcar and Cleveland,71.37464818831369
E06000003,2016,Redcar and Cleveland,77.65881236885564
E06000003,2017,Redcar and Cleveland,91.11209111534788
E06000003,2018,Redcar and Cleveland,109.07645367519544
E06000003,2019,Redcar and Cleveland,114.28165797397536
E06000003,2020,Redcar and Cleveland,132.500043640276
E06000003,2021,Redcar and Cleveland,123.60920103375815
E06000003,2022,Redcar and Cleveland,133.3379807419759
E06000004,2010,Stockton-on-Tees,71.83545899077481
E06000004,2011,Stockton-on-Tees,74.08485126134858
E06000004,2012,Stockton-on-Tees,85.04638412124551
E06000004,2013,Stockton-on-Tees,90.59319435144428
E06000004,2014,Stockton-on-Tees,95.25433431034696
E06000004,2015,Stockton-on-Tees,92.87531113756933
E06000004,2016,Stockton-on-Tees,93.25023232108111
E06000004,2017,Stockton-on-Tees,106.82027441818374
E06000004,2018,Stockton-on-Tees,114.4667170532197
E06000004,2019,Stockton-on-Tees,121.6665080135402
E06000004,2020,Stockton-on-Tees,139.73209105429078
E06000004,2021,Stockton-on-Tees,141.7605430364075
E06000004,2022,Stockton-on-Tees,141.22468809494282
E06000005,2010,Darlington,67.89343072528914
E06000005,2011,Darlington,86.89764832983626
E06000005,2012,Darlington,96.69373342254256
E06000005,2013,Darlington,97.18508630558968
E06000005,2014,Darlington,88.04862565907148
E06000005,2015,Darlington,93.72720730056965
E06000005,2016,Darlington,95.58470850639574
E06000005,2017,Darlington,103.18232670492894
E06000005,2018,Darlington,100.52002673644824
E06000005,2019,Darlington,124.22149062560874
E06000005,2020,Darlington,127.92159054635566
E06000005,2021,Darlington,129.4738591255011
E06000005,2022,Darlington,130.44923610982028
E06000006,2010,Halton,54.99506940757036
E06000006,2011,Halton,48.17920503416395
E06000006,2012,Halton,47.39400943237105
E06000006,2013,Halton,55.213644532919126
E06000006,2014,Halton,80.45114654265181
E06000006,2015,Halton,87.43569023847222
E06000006,2016,Halton,91.2070409637496
E06000006,2017,Halton,101.17824385218832
E06000006,2018,Halton,99.25320035788585
E06000006,2019,Halton,100.15060458954773
E06000006,2020,Halton,104.93217076519036
E06000006,2021,Halton,118.33932079707787
E06000006,2022,Halton,142.78756286367172
E06000007,2010,Warrington,64.28762038766648
E06000007,2011,Warrington,59.57017647688996
E06000007,2012,Warrington,57.20636867836902
E06000007,2013,Warrington,55.02698807114286
E06000007,2014,Warrington,56.134254554520496
E06000007,2015,Warrington,72.46381712528695
E06000007,2016,Warrington,83.83491935189792
E06000007,2017,Warrington,92.64047980474012
E06000007,2018,Warrington,97.40775139792878
E06000007,2019,Warrington,93.60769578772906
E06000007,2020,Warrington,88.78055926240134
E06000007,2021,Warrington,90.2297767828726
E06000007,2022,Warrington,82.52503530955804
E06000008,2010,Blackburn with Darwen,98.69503235003836
E06000008,2011,Blackburn with Darwen,100.42983282452772
E06000008,2012,Blackburn with Darwen,98.13984611721472
E06000008,2013,Blackburn with Darwen,94.46314696104908
E06000008,2014,Blackburn with Darwen,94.12694798291562
E06000008,2015,Blackburn with Darwen,86.35244503955853
E06000008,2016,Blackburn with Darwen,94.57452038875964
E06000008,2017,Blackburn with Darwen,99.74065025265509
E06000008,2018,Blackburn with Darwen,100.8126122933206
E06000008,2019,Blackburn with Darwen,106.85528333860464
E06000008,2020,Blackburn with Darwen,109.7659810915839
E06000008,2021,Blackburn with Darwen,99.91115467356184
E06000008,2022,Blackburn with Darwen,104.09084946056976
E06000009,2010,Blackpool,137.10149166422931
E06000009,2011,Blackpool,146.1156968440227
E06000009,2012,Blackpool,160.43288607565017
E06000009,2013,Blackpool,179.36293649404942
E06000009,2014,Blackpool,166.6620530497128
E06000009,2015,Blackpool,171.1835404507121
E06000009,2016,Blackpool,177.3353927984233
E06000009,2017,Blackpool,197.38844410671928
E06000009,2018,Blackpool,199.9459013164716
E06000009,2019,Blackpool,212.1998323628796
E06000009,2020,Blackpool,245.21974754626987
E06000009,2021,Blackpool,232.71237647164492
E06000009,2022,Blackpool,234.087738921276
E06000010,2010,"Kingston upon Hull, City of",111.82201824157444
E06000010,2011,"Kingston upon Hull, City of",120.79249118141988
E06000010,2012,"Kingston upon Hull, City of",118.38276838872596
E06000010,2013,"Kingston upon Hull, City of",124.29370009457584
E06000010,2014,"Kingston upon Hull, City of",121.74747166018956
E06000010,2015,"Kingston upon Hull, City of",124.67724718279725
E06000010,2016,"Kingston upon Hull, City of",119.791285751394
E06000010,2017,"Kingston upon Hull, City of",126.8005402653106
E06000010,2018,"Kingston upon Hull, City of",136.86817730442482
E06000010,2019,"Kingston upon Hull, City of",142.00764244660365
E06000010,2020,"Kingston upon Hull, City of",154.84363358885918
E06000010,2021,"Kingston upon Hull, City of",169.41475084585406
E06000010,2022,"Kingston upon Hull, City of",159.65999556988564
E06000011,2010,East Riding of Yorkshire,45.441025810502666
E06000011,2011,East Riding of Yorkshire,50.91225380240847
E06000011,2012,East Riding of Yorkshire,53.02462564614294
E06000011,2013,East Riding of Yorkshire,57.266013158059565
E06000011,2014,East Riding of Yorkshire,53.60366808526254
E06000011,2015,East Riding of Yorkshire,50.20138284729191
E06000011,2016,East Riding of Yorkshire,45.30407470055221
E06000011,2017,East Riding of Yorkshire,49.86589115881399
E06000011,2018,East Riding of Yorkshire,54.09406698180506
E06000011,2019,East Riding of Yorkshire,57.785061232960885
E06000011,2020,East Riding of Yorkshire,58.75684547492277
E06000011,2021,East Riding of Yorkshire,59.621098215082974
E06000011,2022,East Riding of Yorkshire,56.44167440670162
E06000012,2010,North East Lincolnshire,47.846889952153106
E06000012,2011,North East Lincolnshire,45.540837259496776
E06000012,2012,North East Lincolnshire,48.0717146074951
E06000012,2013,North East Lincolnshire,62.02687901595848
E06000012,2014,North East Lincolnshire,82.83726671868176
E06000012,2015,North East Lincolnshire,83.35244882826461
E06000012,2016,North East Lincolnshire,92.622141716148775
E06000012,2017,North East Lincolnshire,93.38111306369166
E06000012,2018,North East Lincolnshire,111.02685719916632
E06000012,2019,North East Lincolnshire,141.66152453696128
E06000012,2020,North East Lincolnshire,181.0169969073879
E06000012,2021,North East Lincolnshire,190.55599615090975
E06000012,2022,North East Lincolnshire,198.72259564513683
E06000013,2010,North Lincolnshire,48.22908816880181
E06000013,2011,North Lincolnshire,49.483657346287046
E06000013,2012,North Lincolnshire,52.15396133199786
E06000013,2013,North Lincolnshire,50.29749750440583
E06000013,2014,North Lincolnshire,52.128824037142905
E06000013,2015,North Lincolnshire,54.33435611158777
E06000013,2016,North Lincolnshire,61.77992855389819
E06000013,2017,North Lincolnshire,69.29541820013313
E06000013,2018,North Lincolnshire,69.33278168163606
E06000013,2019,North Lincolnshire,77.25733529465596
E06000013,2020,North Lincolnshire,71.23937801213621
E06000013,2021,North Lincolnshire,64.32737904921467
E06000013,2022,North Lincolnshire,60.05974029755384
E06000014,2010,York,68.20868827113712
E06000014,2011,York,69.12699790849355
E06000014,2012,York,75.75743250177743
E06000014,2013,York,71.9133349494795
E06000014,2014,York,65.58927381615298
E06000014,2015,York,57.289074635966
E06000014,2016,York,56.94537569098927
E06000014,2017,York,61.10706100466047
E06000014,2018,York,58.13601500281257
E06000014,2019,York,61.88549293757823
E06000014,2020,York,79.33229811421005
E06000014,2021,York,85.36972641710646
E06000014,2022,York,85.04234078545653
E06000015,2010,Derby,79.77965618767215
E06000015,2011,Derby,85.59447890731091
E06000015,2012,Derby,88.08685642985697
E06000015,2013,Derby,84.54384513807528
E06000015,2014,Derby,80.76189867775531
E06000015,2015,Derby,84.78538375028229
E06000015,2016,Derby,80.15802725655627
E06000015,2017,Derby,79.80644514357027
E06000015,2018,Derby,87.1601258791035
E06000015,2019,Derby,99.72992178920448
E06000015,2020,Derby,105.09716608351442
E06000015,2021,Derby,115.9923389408884
E06000015,2022,Derby,114.0101220259246
E06000016,2010,Leicester,68.43193117702921
E06000016,2011,Leicester,67.55997538261306
E06000016,2012,Leicester,69.50304085141946
E06000016,2013,Leicester,68.9865049552371
E06000016,2014,Leicester,68.56348540848074
E06000016,2015,Leicester,71.06113245590977
E06000016,2016,Leicester,79.7119589853097
E06000016,2017,Leicester,84.8067582224972
E06000016,2018,Leicester,81.75230898270668
E06000016,2019,Leicester,77.45758904422487
E06000016,2020,Leicester,73.83887909439454
E06000016,2021,Leicester,75.67581185255071
E06000016,2022,Leicester,76.68182315729614
E06000017,2010,Rutland,40.58441558441558
E06000017,2011,Rutland,46.72482670758112
E06000017,2012,Rutland,40.47801803544154
E06000017,2013,Rutland,43.40863050391679
E06000017,2014,Rutland,47.75765786669548
E06000017,2015,Rutland,46.155147535348696
E06000017,2016,Rutland,55.28532549166277
E06000017,2017,Rutland,53.697257177147854
E06000017,2018,Rutland,40.91859853145332
E06000017,2019,Rutland,44.94882412922618
E06000017,2020,Rutland,59.116403070978905
E06000017,2021,Rutland,46.404976447836624
E06000017,2022,Rutland,34.35658701664577
E06000018,2010,Nottingham,90.98544232922733
E06000018,2011,Nottingham,88.0462506445698
E06000018,2012,Nottingham,90.82086753972884
E06000018,2013,Nottingham,93.989590208905
E06000018,2014,Nottingham,96.3162996883482
E06000018,2015,Nottingham,94.3976697820892
E06000018,2016,Nottingham,95.38055129862308
E06000018,2017,Nottingham,97.49776419899824
E06000018,2018,Nottingham,96.82413687412075
E06000018,2019,Nottingham,98.45696612196132
E06000018,2020,Nottingham,103.44453426282452
E06000018,2021,Nottingham,109.47703364417832
E06000018,2022,Nottingham,114.34729710780172
E06000019,2010,"Herefordshire, County of",47.27294214973705
E06000019,2011,"Herefordshire, County of",59.540027734403154
E06000019,2012,"Herefordshire, County of",63.29512665501832
E06000019,2013,"Herefordshire, County of",65.0751329768164
E06000019,2014,"Herefordshire, County of",73.19358150119213
E06000019,2015,"Herefordshire, County of",82.68955724352573
E06000019,2016,"Herefordshire, County of",88.2120663564358
E06000019,2017,"Herefordshire, County of",92.9111264484779
E06000019,2018,"Herefordshire, County of",96.4312302083565
E06000019,2019,"Herefordshire, County of",102.68507554389456
E06000019,2020,"Herefordshire, County of",109.45368776853108
E06000019,2021,"Herefordshire, County of",98.3259603156487
E06000019,2022,"Herefordshire, County of",119.34041763520123
E06000020,2010,Telford and Wrekin,74.21048291784625
E06000020,2011,Telford and Wrekin,73.70702062111454
E06000020,2012,Telford and Wrekin,82.05046250040601
E06000020,2013,Telford and Wrekin,87.3972730745304
E06000020,2014,Telford and Wrekin,84.16399139487676
E06000020,2015,Telford and Wrekin,79.60105624135745
E06000020,2016,Telford and Wrekin,80.29568749962537
E06000020,2017,Telford and Wrekin,100.61795031879588
E06000020,2018,Telford and Wrekin,96.89455567823045
E06000020,2019,Telford and Wrekin,100.51484142176304
E06000020,2020,Telford and Wrekin,103.56131853078384
E06000020,2021,Telford and Wrekin,108.51871532276472
E06000020,2022,Telford and Wrekin,107.29677746837072
E06000021,2010,Stoke-on-Trent,79.27187316500293
E06000021,2011,Stoke-on-Trent,79.86065323959683
E06000021,2012,Stoke-on-Trent,84.19834374203464
E06000021,2013,Stoke-on-Trent,90.52281156898162
E06000021,2014,Stoke-on-Trent,100.44971299024496
E06000021,2015,Stoke-on-Trent,113.56087780845824
E06000021,2016,Stoke-on-Trent,120.71293093871314
E06000021,2017,Stoke-on-Trent,119.094362694787
E06000021,2018,Stoke-on-Trent,133.8209334133076
E06000021,2019,Stoke-on-Trent,152.6038894911851
E06000021,2020,Stoke-on-Trent,164.2417162353062
E06000021,2021,Stoke-on-Trent,181.09226811590503
E06000021,2022,Stoke-on-Trent,186.012866266068
E06000022,2010,Bath and North East Somerset,44.40074846975992
E06000022,2011,Bath and North East Somerset,51.077127957459695
E06000022,2012,Bath and North East Somerset,51.77599524812544
E06000022,2013,Bath and North East Somerset,43.94887580470863
E06000022,2014,Bath and North East Somerset,46.385151837093346
E06000022,2015,Bath and North East Somerset,40.909929009031416
E06000022,2016,Bath and North East Somerset,45.53743880047026
E06000022,2017,Bath and North East Somerset,49.3494966793942
E06000022,2018,Bath and North East Somerset,51.4958957435912
E06000022,2019,Bath and North East Somerset,57.99406170409286
E06000022,2020,Bath and North East Somerset,53.780635885267934
E06000022,2021,Bath and North East Somerset,53.38770938763431
E06000022,2022,Bath and North East Somerset,57.50063615946163
E06000023,2010,"Bristol, City of",81.56504498625942
E06000023,2011,"Bristol, City of",81.92680291298507
E06000023,2012,"Bristol, City of",80.67095624171797
E06000023,2013,"Bristol, City of",83.47059060016898
E06000023,2014,"Bristol, City of",79.89272916072412
E06000023,2015,"Bristol, City of",80.08994364200139
E06000023,2016,"Bristol, City of",76.98114307554447
E06000023,2017,"Bristol, City of",77.58926258983338
E06000023,2018,"Bristol, City of",72.23704413069551
E06000023,2019,"Bristol, City of",69.92952226201807
E06000023,2020,"Bristol, City of",70.79385186582262
E06000023,2021,"Bristol, City of",73.18403048168868
E06000023,2022,"Bristol, City of",79.84669250155898
E06000024,2010,North Somerset,58.778430871454134
E06000024,2011,North Somerset,58.25282903075724
E06000024,2012,North Somerset,58.85959309063799
E06000024,2013,North Somerset,63.94536345745273
E06000024,2014,North Somerset,54.90541972157133
E06000024,2015,North Somerset,58.333998600738354
E06000024,2016,North Somerset,55.40891415100794
E06000024,2017,North Somerset,56.43516868908919
E06000024,2018,North Somerset,58.65504046883392
E06000024,2019,North Somerset,59.76881152027541
E06000024,2020,North Somerset,57.03877425501342
E06000024,2021,North Somerset,52.601716977336025
E06000024,2022,North Somerset,49.069447853928594
E06000025,2010,South Gloucestershire,34.74113162194137
E06000025,2011,South Gloucestershire,39.44038984152384
E06000025,2012,South Gloucestershire,39.77188796139095
E06000025,2013,South Gloucestershire,31.29252656702714
E06000025,2014,South Gloucestershire,31.53235179879116
E06000025,2015,South Gloucestershire,32.49364828542689
E06000025,2016,South Gloucestershire,30.569886038799744
E06000025,2017,South Gloucestershire,32.74155366324091
E06000025,2018,South Gloucestershire,35.33940244458677
E06000025,2019,South Gloucestershire,35.38523398738726
E06000025,2020,South Gloucestershire,37.68250376766719
E06000025,2021,South Gloucestershire,39.55950738006667
E06000025,2022,South Gloucestershire,45.22526625311382
E06000026,2010,Plymouth,91.85548071034906
E06000026,2011,Plymouth,78.82464385374143
E06000026,2012,Plymouth,79.88662423716075
E06000026,2013,Plymouth,76.86197991377449
E06000026,2014,Plymouth,81.63589065924413
E06000026,2015,Plymouth,81.31814447640329
E06000026,2016,Plymouth,83.09615370362926
E06000026,2017,Plymouth,79.61043904200177
E06000026,2018,Plymouth,84.69972771266481
E06000026,2019,Plymouth,83.34824464449596
E06000026,2020,Plymouth,87.97980032436978
E06000026,2021,Plymouth,99.21857699080284
E06000026,2022,Plymouth,100.69120306895304
E06000027,2010,Torbay,76.12281146917026
E06000027,2011,Torbay,93.75063875686068
E06000027,2012,Torbay,106.56396970862444
E06000027,2013,Torbay,128.5004581404208
E06000027,2014,Torbay,132.96291896663405
E06000027,2015,Torbay,128.5137470270346
E06000027,2016,Torbay,116.54944563444168
E06000027,2017,Torbay,118.04979150661012
E06000027,2018,Torbay,135.75921152040289
E06000027,2019,Torbay,148.8519213725828
E06000027,2020,Torbay,147.75421767639978
E06000027,2021,Torbay,134.81085638735544
E06000027,2022,Torbay,127.80661073068578
E06000030,2010,Swindon,57.09225642579173
E06000030,2011,Swindon,53.68862707442846
E06000030,2012,Swindon,56.545547147677205
E06000030,2013,Swindon,55.03573569382924
E06000030,2014,Swindon,54.813358990045586
E06000030,2015,Swindon,54.23026869333501
E06000030,2016,Swindon,62.0752047057427
E06000030,2017,Swindon,68.60372249252974
E06000030,2018,Swindon,74.5779045970442
E06000030,2019,Swindon,71.77011845976801
E06000030,2020,Swindon,61.67149039482928
E06000030,2021,Swindon,62.25252700720424
E06000030,2022,Swindon,68.30406600114915
E06000031,2010,Peterborough,74.47680047665152
E06000031,2011,Peterborough,73.9185787527026
E06000031,2012,Peterborough,78.21621952052435
E06000031,2013,Peterborough,79.4012978800035
E06000031,2014,Peterborough,81.32775110286634
E06000031,2015,Peterborough,74.16867938406523
E06000031,2016,Peterborough,76.34510532443488
E06000031,2017,Peterborough,74.40424717834955
E06000031,2018,Peterborough,75.73248863217377
E06000031,2019,Peterborough,75.53834807246737
E06000031,2020,Peterborough,73.61722576230437
E06000031,2021,Peterborough,69.17917435638064
E06000031,2022,Peterborough,69.27506462835161
E06000032,2010,Luton,70.82595562962192
E06000032,2011,Luton,77.60734454890154
E06000032,2012,Luton,75.72063656026019
E06000032,2013,Luton,75.5484780564383
E06000032,2014,Luton,75.67270605387176
E06000032,2015,Luton,74.65126493200701
E06000032,2016,Luton,69.55876172375666
E06000032,2017,Luton,66.5323882224805
E06000032,2018,Luton,68.79773489538923
E06000032,2019,Luton,73.5367499908079
E06000032,2020,Luton,69.49877358131748
E06000032,2021,Luton,67.13029644990876
E06000032,2022,Luton,68.96289953479366
E06000033,2010,Southend-on-Sea,76.60066483595895
E06000033,2011,Southend-on-Sea,76.16378714359762
E06000033,2012,Southend-on-Sea,68.13725542722356
E06000033,2013,Southend-on-Sea,66.38830868096716
E06000033,2014,Southend-on-Sea,68.61180149080623
E06000033,2015,Southend-on-Sea,64.09322420180048
E06000033,2016,Southend-on-Sea,73.31462349738216
E06000033,2017,Southend-on-Sea,78.36108360507401
E06000033,2018,Southend-on-Sea,79.71037871027025
E06000033,2019,Southend-on-Sea,84.01239831912167
E06000033,2020,Southend-on-Sea,84.93171056192172
E06000033,2021,Southend-on-Sea,78.31188392585906
E06000033,2022,Southend-on-Sea,90.79087044322704
E06000034,2010,Thurrock,64.82342662269947
E06000034,2011,Thurrock,58.22333967214311
E06000034,2012,Thurrock,64.77140073707089
E06000034,2013,Thurrock,70.87470383535158
E06000034,2014,Thurrock,75.21566921212293
E06000034,2015,Thurrock,72.38735322679287
E06000034,2016,Thurrock,85.09460698660864
E06000034,2017,Thurrock,86.22630501138288
E06000034,2018,Thurrock,73.23149281896022
E06000034,2019,Thurrock,69.86252195161744
E06000034,2020,Thurrock,70.73330960631698
E06000034,2021,Thurrock,71.42005084247712
E06000034,2022,Thurrock,69.72711463602492
E06000035,2010,Medway,61.426139454886886
E06000035,2011,Medway,74.56225523867667
E06000035,2012,Medway,76.62504421939629
E06000035,2013,Medway,69.83727554458362
E06000035,2014,Medway,64.4422948146678
E06000035,2015,Medway,71.9791758316622
E06000035,2016,Medway,72.54656582694017
E06000035,2017,Medway,65.32376088991062
E06000035,2018,Medway,68.81328661564953
E06000035,2019,Medway,69.95110533222592
E06000035,2020,Medway,70.21738858466024
E06000035,2021,Medway,72.83063806177147
E06000035,2022,Medway,72.77327176703591
E06000036,2010,Bracknell Forest,36.82337056585246
E06000036,2011,Bracknell Forest,34.86129689722476
E06000036,2012,Bracknell Forest,39.883864249652376
E06000036,2013,Bracknell Forest,40.85253853807367
E06000036,2014,Bracknell Forest,44.485816866521105
E06000036,2015,Bracknell Forest,40.811674992725806
E06000036,2016,Bracknell Forest,38.479591853722766
E06000036,2017,Bracknell Forest,45.62459737521927
E06000036,2018,Bracknell Forest,53.89397690989886
E06000036,2019,Bracknell Forest,61.32990808125683
E06000036,2020,Bracknell Forest,54.61800291841683
E06000036,2021,Bracknell Forest,55.574336847711024
E06000036,2022,Bracknell Forest,51.708178936296626
E06000037,2010,West Berkshire,37.90980499196312
E06000037,2011,West Berkshire,37.222997261059824
E06000037,2012,West Berkshire,37.37415459059507
E06000037,2013,West Berkshire,43.29831597063346
E06000037,2014,West Berkshire,47.991751793444976
E06000037,2015,West Berkshire,50.88423442315915
E06000037,2016,West Berkshire,48.07819835054543
E06000037,2017,West Berkshire,49.84190225997394
E06000037,2018,West Berkshire,44.80649700881251
E06000037,2019,West Berkshire,52.6520964111121
E06000037,2020,West Berkshire,48.16749245098062
E06000037,2021,West Berkshire,44.91312362210536
E06000037,2022,West Berkshire,51.060621384385094
E06000038,2010,Reading,67.98660166484264
E06000038,2011,Reading,66.9973397432362
E06000038,2012,Reading,73.26342939131406
E06000038,2013,Reading,68.42835290398293
E06000038,2014,Reading,61.4188347293864
E06000038,2015,Reading,60.093138355136624
E06000038,2016,Reading,63.96169015730967
E06000038,2017,Reading,75.66333963218122
E06000038,2018,Reading,79.76059979786764
E06000038,2019,Reading,77.83762080230004
E06000038,2020,Reading,79.5134728475197
E06000038,2021,Reading,78.24614545504612
E06000038,2022,Reading,68.46843358842253
E06000039,2010,Slough,53.167248974631626
E06000039,2011,Slough,47.269536159544955
E06000039,2012,Slough,47.11461561309388
E06000039,2013,Slough,48.879699051882625
E06000039,2014,Slough,50.02927647431281
E06000039,2015,Slough,50.73711760116969
E06000039,2016,Slough,48.03792623954494
E06000039,2017,Slough,47.219733022596174
E06000039,2018,Slough,50.35454845339659
E06000039,2019,Slough,51.45769366699123
E06000039,2020,Slough,47.12282571735908
E06000039,2021,Slough,53.7401842830445
E06000039,2022,Slough,56.39529923490378
E06000040,2010,Windsor and Maidenhead,35.21362935139849
E06000040,2011,Windsor and Maidenhead,33.978211249870796
E06000040,2012,Windsor and Maidenhead,31.509459384961406
E06000040,2013,Windsor and Maidenhead,34.402268950369766
E06000040,2014,Windsor and Maidenhead,34.574676339265196
E06000040,2015,Windsor and Maidenhead,32.15299588023664
E06000040,2016,Windsor and Maidenhead,29.23972640775673
E06000040,2017,Windsor and Maidenhead,35.77270070605203
E06000040,2018,Windsor and Maidenhead,34.7528804518971
E06000040,2019,Windsor and Maidenhead,39.699213911383175
E06000040,2020,Windsor and Maidenhead,36.73135557634557
E06000040,2021,Windsor and Maidenhead,40.9316224935273
E06000040,2022,Windsor and Maidenhead,40.46445429412488
E06000041,2010,Wokingham,24.186721489902045
E06000041,2011,Wokingham,21.50038161534977
E06000041,2012,Wokingham,21.369172125921292
E06000041,2013,Wokingham,25.27652912295408
E06000041,2014,Wokingham,21.620337793645056
E06000041,2015,Wokingham,21.571879168838528
E06000041,2016,Wokingham,23.620359239127577
E06000041,2017,Wokingham,21.568054005763063
E06000041,2018,Wokingham,29.73307788505419
E06000041,2019,Wokingham,29.92774438565514
E06000041,2020,Wokingham,25.88326598969724
E06000041,2021,Wokingham,25.927775649760587
E06000041,2022,Wokingham,34.536540525829295
E06000042,2010,Milton Keynes,46.79288748110287
E06000042,2011,Milton Keynes,46.21557221256489
E06000042,2012,Milton Keynes,46.506452050877655
E06000042,2013,Milton Keynes,46.32783941561735
E06000042,2014,Milton Keynes,48.9325098438725
E06000042,2015,Milton Keynes,54.04324712301569
E06000042,2016,Milton Keynes,53.69491594398465
E06000042,2017,Milton Keynes,61.47659656783476
E06000042,2018,Milton Keynes,60.63935955232516
E06000042,2019,Milton Keynes,58.31865011194586
E06000042,2020,Milton Keynes,61.417272914586405
E06000042,2021,Milton Keynes,59.90895567754975
E06000042,2022,Milton Keynes,54.91375088086373
E06000043,2010,Brighton and Hove,100.2587322121604
E06000043,2011,Brighton and Hove,102.47332415698509
E06000043,2012,Brighton and Hove,103.3517612848504
E06000043,2013,Brighton and Hove,93.8588533613472
E06000043,2014,Brighton and Hove,98.08603844599853
E06000043,2015,Brighton and Hove,99.95703120995948
E06000043,2016,Brighton and Hove,93.38060771116544
E06000043,2017,Brighton and Hove,97.51487633470532
E06000043,2018,Brighton and Hove,90.6876764256779
E06000043,2019,Brighton and Hove,85.98180069387969
E06000043,2020,Brighton and Hove,82.11327612760341
E06000043,2021,Brighton and Hove,84.2793692532005
E06000043,2022,Brighton and Hove,88.59545951230773
E06000044,2010,Portsmouth,76.53590701535907
E06000044,2011,Portsmouth,78.70796256600481
E06000044,2012,Portsmouth,74.73393477833085
E06000044,2013,Portsmouth,76.8185834392481
E06000044,2014,Portsmouth,79.39074523508356
E06000044,2015,Portsmouth,79.65202618450839
E06000044,2016,Portsmouth,79.62159033088464
E06000044,2017,Portsmouth,88.61060055990464
E06000044,2018,Portsmouth,102.99265228579188
E06000044,2019,Portsmouth,121.81971656506104
E06000044,2020,Portsmouth,117.60577263411672
E06000044,2021,Portsmouth,96.27901965543828
E06000044,2022,Portsmouth,99.2649951720438
E06000045,2010,Southampton,88.74269351823366
E06000045,2011,Southampton,87.63839345383886
E06000045,2012,Southampton,96.42670502756252
E06000045,2013,Southampton,106.82192516911384
E06000045,2014,Southampton,109.97517992159383
E06000045,2015,Southampton,126.38807549789516
E06000045,2016,Southampton,126.79052668462435
E06000045,2017,Southampton,115.2045074147541
E06000045,2018,Southampton,110.49333857464056
E06000045,2019,Southampton,101.4533434002048
E06000045,2020,Southampton,102.6698578261187
E06000045,2021,Southampton,106.1441940471346
E06000045,2022,Southampton,119.17967925710396
E06000046,2010,Isle of Wight,72.70083605961469
E06000046,2011,Isle of Wight,72.60417085550105
E06000046,2012,Isle of Wight,65.73289319863876
E06000046,2013,Isle of Wight,75.48154580150411
E06000046,2014,Isle of Wight,80.95473618739
E06000046,2015,Isle of Wight,87.26945900815333
E06000046,2016,Isle of Wight,88.20784362305935
E06000046,2017,Isle of Wight,97.9939098692862
E06000046,2018,Isle of Wight,98.36193068032554
E06000046,2019,Isle of Wight,106.78195860540688
E06000046,2020,Isle of Wight,116.79758121180076
E06000046,2021,Isle of Wight,121.271610994089
E06000046,2022,Isle of Wight,125.17881395276926
E06000047,2010,County Durham,52.594111584517144
E06000047,2011,County Durham,55.391750782453585
E06000047,2012,County Durham,69.91237687663943
E06000047,2013,County Durham,66.65176194145636
E06000047,2014,County Durham,64.85401756619224
E06000047,2015,County Durham,66.42409673932478
E06000047,2016,County Durham,72.90549664666344
E06000047,2017,County Durham,87.28409660976055
E06000047,2018,County Durham,85.5987537418408
E06000047,2019,County Durham,89.77198266990652
E06000047,2020,County Durham,97.2829582874836
E06000047,2021,County Durham,101.40215242042824
E06000047,2022,County Durham,105.11542676991328
E06000049,2010,Cheshire East,60.45949214026602
E06000049,2011,Cheshire East,62.55024679848174
E06000049,2012,Cheshire East,62.13743800262007
E06000049,2013,Cheshire East,53.40483066009962
E06000049,2014,Cheshire East,47.3265918853456
E06000049,2015,Cheshire East,50.87234384734057
E06000049,2016,Cheshire East,55.02690288090927
E06000049,2017,Cheshire East,60.7620811450052
E06000049,2018,Cheshire East,66.8183499360088
E06000049,2019,Cheshire East,67.22682832265446
E06000049,2020,Cheshire East,73.29741833041055
E06000049,2021,Cheshire East,70.07819969483785
E06000049,2022,Cheshire East,70.26708762305827
E06000050,2010,Cheshire West and Chester,50.924599764473726
E06000050,2011,Cheshire West and Chester,55.650880764713435
E06000050,2012,Cheshire West and Chester,58.594940021076475
E06000050,2013,Cheshire West and Chester,61.59347714811422
E06000050,2014,Cheshire West and Chester,70.93544627238563
E06000050,2015,Cheshire West and Chester,79.76440988912107
E06000050,2016,Cheshire West and Chester,74.52490453152272
E06000050,2017,Cheshire West and Chester,76.5067619489889
E06000050,2018,Cheshire West and Chester,76.24060691897569
E06000050,2019,Cheshire West and Chester,73.56788430254909
E06000050,2020,Cheshire West and Chester,74.75212852856471
E06000050,2021,Cheshire West and Chester,77.4990235199315
E06000050,2022,Cheshire West and Chester,82.06079487716116
E06000051,2010,Shropshire,38.70513722730471
E06000051,2011,Shropshire,38.73981017528232
E06000051,2012,Shropshire,36.44425331458262
E06000051,2013,Shropshire,43.18213642813672
E06000051,2014,Shropshire,48.825311822853955
E06000051,2015,Shropshire,56.323072351051174
E06000051,2016,Shropshire,51.1144109925776
E06000051,2017,Shropshire,52.99377785667557
E06000051,2018,Shropshire,61.33976982305818
E06000051,2019,Shropshire,71.63801351669666
E06000051,2020,Shropshire,72.68059817115942
E06000051,2021,Shropshire,91.76590205217144
E06000051,2022,Shropshire,111.1175600247845
E06000052,2010,Cornwall,46.81209624566988
E06000052,2011,Cornwall,49.25869978673066
E06000052,2012,Cornwall,49.47403767588732
E06000052,2013,Cornwall,47.79316998852768
E06000052,2014,Cornwall,45.77956249867208
E06000052,2015,Cornwall,45.11683127065292
E06000052,2016,Cornwall,43.970215703324
E06000052,2017,Cornwall,42.137362121131304
E06000052,2018,Cornwall,47.00372054159324
E06000052,2019,Cornwall,45.78476740183456
E06000052,2020,Cornwall,47.88346449715377
E06000052,2021,Cornwall,50.10741119625656
E06000052,2022,Cornwall,50.451886774687416
E06000053,2010,Isles of Scilly,NA
E06000053,2011,Isles of Scilly,NA
E06000053,2012,Isles of Scilly,NA
E06000053,2013,Isles of Scilly,NA
E06000053,2014,Isles of Scilly,NA
E06000053,2015,Isles of Scilly,NA
E06000053,2016,Isles of Scilly,NA
E06000053,2017,Isles of Scilly,NA
E06000053,2018,Isles of Scilly,0
E06000053,2019,Isles of Scilly,0
E06000053,2020,Isles of Scilly,NA
E06000053,2021,Isles of Scilly,0
E06000053,2022,Isles of Scilly,0
E06000054,2010,Wiltshire,36.28522258392254
E06000054,2011,Wiltshire,39.54779363734704
E06000054,2012,Wiltshire,43.121344312884496
E06000054,2013,Wiltshire,46.30075498364042
E06000054,2014,Wiltshire,41.40945216744635
E06000054,2015,Wiltshire,42.1479540496328
E06000054,2016,Wiltshire,43.11619980396918
E06000054,2017,Wiltshire,45.833946791090554
E06000054,2018,Wiltshire,45.962131034205406
E06000054,2019,Wiltshire,47.33452972474404
E06000054,2020,Wiltshire,47.19085658813054
E06000054,2021,Wiltshire,42.97294854949862
E06000054,2022,Wiltshire,43.921605501706914
E06000055,2010,Bedford,49.53170028818444
E06000055,2011,Bedford,48.508034080649594
E06000055,2012,Bedford,63.03196369263177
E06000055,2013,Bedford,71.0669113413149
E06000055,2014,Bedford,75.88800161027544
E06000055,2015,Bedford,70.3945615173045
E06000055,2016,Bedford,69.67267274388436
E06000055,2017,Bedford,72.02571077607806
E06000055,2018,Bedford,63.53926425716543
E06000055,2019,Bedford,60.78976655008141
E06000055,2020,Bedford,65.49703239806566
E06000055,2021,Bedford,69.27178670911262
E06000055,2022,Bedford,68.61720662732226
E06000056,2010,Central Bedfordshire,31.206854159968227
E06000056,2011,Central Bedfordshire,33.20641376599051
E06000056,2012,Central Bedfordshire,38.81090116113633
E06000056,2013,Central Bedfordshire,45.3713554144654
E06000056,2014,Central Bedfordshire,49.00213460977799
E06000056,2015,Central Bedfordshire,49.45812397790681
E06000056,2016,Central Bedfordshire,51.14225787473161
E06000056,2017,Central Bedfordshire,53.51311863541547
E06000056,2018,Central Bedfordshire,54.34910007093165
E06000056,2019,Central Bedfordshire,54.46812868088592
E06000056,2020,Central Bedfordshire,52.849109720789286
E06000056,2021,Central Bedfordshire,52.99260825302943
E06000056,2022,Central Bedfordshire,52.4571464817048
E06000057,2010,Northumberland,49.17099428926347
E06000057,2011,Northumberland,46.36623704048423
E06000057,2012,Northumberland,48.96203383866188
E06000057,2013,Northumberland,55.89047688001106
E06000057,2014,Northumberland,58.03895314606109
E06000057,2015,Northumberland,66.78088351970585
E06000057,2016,Northumberland,69.275242770939
E06000057,2017,Northumberland,73.248736815610755
E06000057,2018,Northumberland,69.59636595903991
E06000057,2019,Northumberland,66.71054297207405
E06000057,2020,Northumberland,78.69735067907563
E06000057,2021,Northumberland,79.20513217283766
E06000057,2022,Northumberland,77.53172976919424
E06000058,2010,"Bournemouth, Christchurch and Poole",51.00359379168563
E06000058,2011,"Bournemouth, Christchurch and Poole",51.1762564656999
E06000058,2012,"Bournemouth, Christchurch and Poole",61.77654884569763
E06000058,2013,"Bournemouth, Christchurch and Poole",61.42153337689568
E06000058,2014,"Bournemouth, Christchurch and Poole",64.07549240715078
E06000058,2015,"Bournemouth, Christchurch and Poole",63.22724628678792
E06000058,2016,"Bournemouth, Christchurch and Poole",64.06543450406333
E06000058,2017,"Bournemouth, Christchurch and Poole",62.38854848036368
E06000058,2018,"Bournemouth, Christchurch and Poole",62.932057987272565
E06000058,2019,"Bournemouth, Christchurch and Poole",63.30572906201138
E06000058,2020,"Bournemouth, Christchurch and Poole",72.81367794291518
E06000058,2021,"Bournemouth, Christchurch and Poole",62.02599607583161
E06000058,2022,"Bournemouth, Christchurch and Poole",69.9637370465056
E06000059,2010,Dorset,42.38463672513178
E06000059,2011,Dorset,42.98853424144224
E06000059,2012,Dorset,47.1564217076374
E06000059,2013,Dorset,54.994050458467065
E06000059,2014,Dorset,53.64501550159501
E06000059,2015,Dorset,60.89850669110874
E06000059,2016,Dorset,76.05314352331668
E06000059,2017,Dorset,76.99292487515574
E06000059,2018,Dorset,NA
E06000059,2019,Dorset,NA
E06000059,2020,Dorset,NA
E06000059,2021,Dorset,NA
E06000059,2022,Dorset,73.03703988702735
E06000060,2010,Buckinghamshire,32.03907838894513
E06000060,2011,Buckinghamshire,35.3660078344733
E06000060,2012,Buckinghamshire,34.09361264690464
E06000060,2013,Buckinghamshire,36.29144109856709
E06000060,2014,Buckinghamshire,40.252809450741786
E06000060,2015,Buckinghamshire,39.30279120039712
E06000060,2016,Buckinghamshire,41.095923475514184
E06000060,2017,Buckinghamshire,40.56469413782808
E06000060,2018,Buckinghamshire,41.706667956038906
E06000060,2019,Buckinghamshire,44.899677479676626
E06000060,2020,Buckinghamshire,41.91366901303832
E06000060,2021,Buckinghamshire,43.68345168750716
E06000060,2022,Buckinghamshire,42.67107789276311
E08000001,2010,Bolton,79.7117093179667
E08000001,2011,Bolton,85.41794118107403
E08000001,2012,Bolton,84.23635548230811
E08000001,2013,Bolton,87.09976948940967
E08000001,2014,Bolton,85.27439372796717
E08000001,2015,Bolton,90.53905127664106
E08000001,2016,Bolton,87.8591229927356
E08000001,2017,Bolton,88.990230163778
E08000001,2018,Bolton,93.42727995756368
E08000001,2019,Bolton,96.53606705886892
E08000001,2020,Bolton,93.82700690140688
E08000001,2021,Bolton,91.75853810594523
E08000001,2022,Bolton,81.57875251022138
E08000002,2010,Bury,73.52568328178084
E08000002,2011,Bury,82.23862754915073
E08000002,2012,Bury,81.8647031593397
E08000002,2013,Bury,80.28257471702263
E08000002,2014,Bury,76.8800222029504
E08000002,2015,Bury,72.46769586077092
E08000002,2016,Bury,75.1164114751745
E08000002,2017,Bury,84.88676311953422
E08000002,2018,Bury,80.32133163795021
E08000002,2019,Bury,80.4263026180082
E08000002,2020,Bury,82.30548542475742
E08000002,2021,Bury,84.01122360894544
E08000002,2022,Bury,87.94899800857989
E08000003,2010,Manchester,145.07508271824892
E08000003,2011,Manchester,134.46787639022526
E08000003,2012,Manchester,124.65451009661152
E08000003,2013,Manchester,121.37034728707955
E08000003,2014,Manchester,125.23738664545677
E08000003,2015,Manchester,115.01216763699608
E08000003,2016,Manchester,107.7435854917348
E08000003,2017,Manchester,100.09537241737722
E08000003,2018,Manchester,107.0095457963228
E08000003,2019,Manchester,108.24180453889603
E08000003,2020,Manchester,118.30984369700572
E08000003,2021,Manchester,114.12584914605522
E08000003,2022,Manchester,115.4537099895168
E08000004,2010,Oldham,65.8526030593238
E08000004,2011,Oldham,63.02659703692704
E08000004,2012,Oldham,59.98962680917478
E08000004,2013,Oldham,63.98634410411125
E08000004,2014,Oldham,71.30838142385093
E08000004,2015,Oldham,69.64773745931768
E08000004,2016,Oldham,73.24873181293559
E08000004,2017,Oldham,86.04516089869128
E08000004,2018,Oldham,95.11508597419822
E08000004,2019,Oldham,87.75159470527444
E08000004,2020,Oldham,89.36923961106987
E08000004,2021,Oldham,90.75516496152092
E08000004,2022,Oldham,93.5110925701721
E08000005,2010,Rochdale,90.8141962421712
E08000005,2011,Rochdale,95.7815439695657
E08000005,2012,Rochdale,94.70677334023227
E08000005,2013,Rochdale,106.22612478799822
E08000005,2014,Rochdale,111.4408361332756
E08000005,2015,Rochdale,109.39887002384606
E08000005,2016,Rochdale,99.23827854966864
E08000005,2017,Rochdale,92.30692520210631
E08000005,2018,Rochdale,98.94292918093151
E08000005,2019,Rochdale,111.4594764838656
E08000005,2020,Rochdale,104.00395393872888
E08000005,2021,Rochdale,108.12476568937738
E08000005,2022,Rochdale,107.03624595059084
E08000006,2010,Salford,106.40813431071176
E08000006,2011,Salford,120.40940698283733
E08000006,2012,Salford,113.78714558302596
E08000006,2013,Salford,108.8158336549278
E08000006,2014,Salford,114.48646311861324
E08000006,2015,Salford,114.84277525176932
E08000006,2016,Salford,106.85830461733
E08000006,2017,Salford,98.27655306067554
E08000006,2018,Salford,106.47200110254362
E08000006,2019,Salford,106.86666729845705
E08000006,2020,Salford,101.1483693405516
E08000006,2021,Salford,95.95311473029793
E08000006,2022,Salford,99.15622487170178
E08000007,2010,Stockport,55.51345540419083
E08000007,2011,Stockport,51.918059012213
E08000007,2012,Stockport,52.53254646865117
E08000007,2013,Stockport,53.35088015702288
E08000007,2014,Stockport,52.72257632565051
E08000007,2015,Stockport,50.7893777594362
E08000007,2016,Stockport,50.90418073256606
E08000007,2017,Stockport,57.254760175463865
E08000007,2018,Stockport,62.20553326810344
E08000007,2019,Stockport,61.53726147663108
E08000007,2020,Stockport,62.300851012695254
E08000007,2021,Stockport,68.69411061085182
E08000007,2022,Stockport,75.3761078074623
E08000008,2010,Tameside,77.1281870468719
E08000008,2011,Tameside,81.80952671719292
E08000008,2012,Tameside,85.22223500555747
E08000008,2013,Tameside,84.65139167756138
E08000008,2014,Tameside,91.57795241960316
E08000008,2015,Tameside,89.49850318582479
E08000008,2016,Tameside,90.744981016235
E08000008,2017,Tameside,108.58515250816237
E08000008,2018,Tameside,128.50956337136697
E08000008,2019,Tameside,137.07409077558256
E08000008,2020,Tameside,144.7108483001316
E08000008,2021,Tameside,140.5701657837541
E08000008,2022,Tameside,137.5825205911041
E08000009,2010,Trafford,52.5331484166509
E08000009,2011,Trafford,54.26115858631348
E08000009,2012,Trafford,56.798080535428554
E08000009,2013,Trafford,58.708132801197415
E08000009,2014,Trafford,63.39845237155153
E08000009,2015,Trafford,66.83491723415982
E08000009,2016,Trafford,65.2603309980185
E08000009,2017,Trafford,75.54467712204998
E08000009,2018,Trafford,74.4093442593968
E08000009,2019,Trafford,80.22806060504841
E08000009,2020,Trafford,72.65308143976824
E08000009,2021,Trafford,75.23932181358867
E08000009,2022,Trafford,69.65531696981832
E08000010,2010,Wigan,81.52003511632282
E08000010,2011,Wigan,73.48332964579194
E08000010,2012,Wigan,75.67183636431425
E08000010,2013,Wigan,80.39295188660657
E08000010,2014,Wigan,78.78262863011767
E08000010,2015,Wigan,80.16162103653855
E08000010,2016,Wigan,76.33140821728945
E08000010,2017,Wigan,70.24700311085546
E08000010,2018,Wigan,75.12293499755152
E08000010,2019,Wigan,69.74577990159213
E08000010,2020,Wigan,82.9306653513304
E08000010,2021,Wigan,100.40712758802093
E08000010,2022,Wigan,95.2422523917827
E08000011,2010,Knowsley,93.49645030425964
E08000011,2011,Knowsley,92.95443299723694
E08000011,2012,Knowsley,83.74166315619425
E08000011,2013,Knowsley,78.41856632417506
E08000011,2014,Knowsley,85.59631305971558
E08000011,2015,Knowsley,100.85464824127416
E08000011,2016,Knowsley,95.53977879734316
E08000011,2017,Knowsley,94.58169455055696
E08000011,2018,Knowsley,92.7207728606092
E08000011,2019,Knowsley,95.38052683849112
E08000011,2020,Knowsley,96.22489760801108
E08000011,2021,Knowsley,97.27261419296012
E08000011,2022,Knowsley,91.58852408578718
E08000012,2010,Liverpool,108.44435970159924
E08000012,2011,Liverpool,112.66218970351632
E08000012,2012,Liverpool,107.87840296812249
E08000012,2013,Liverpool,114.91079056270456
E08000012,2014,Liverpool,119.12278988269208
E08000012,2015,Liverpool,119.07414442420568
E08000012,2016,Liverpool,122.578274655624
E08000012,2017,Liverpool,130.25891009290655
E08000012,2018,Liverpool,136.75108069552564
E08000012,2019,Liverpool,151.42558312587025
E08000012,2020,Liverpool,161.69707431472543
E08000012,2021,Liverpool,172.75226077706495
E08000012,2022,Liverpool,180.3985696156724
E08000013,2010,St. Helens,101.9324087633158
E08000013,2011,St. Helens,100.93461403475034
E08000013,2012,St. Helens,98.46977209914914
E08000013,2013,St. Helens,129.69860881941284
E08000013,2014,St. Helens,127.25994664626737
E08000013,2015,St. Helens,121.17493879445018
E08000013,2016,St. Helens,120.14204188491496
E08000013,2017,St. Helens,124.27501644366562
E08000013,2018,St. Helens,127.7340564460379
E08000013,2019,St. Helens,134.3227756525234
E08000013,2020,St. Helens,142.74285730138723
E08000013,2021,St. Helens,138.16933881543022
E08000013,2022,St. Helens,135.9632643922344
E08000014,2010,Sefton,72.91322354222162
E08000014,2011,Sefton,75.22333630857094
E08000014,2012,Sefton,79.42901791886713
E08000014,2013,Sefton,84.67172001670562
E08000014,2014,Sefton,81.39897324991398
E08000014,2015,Sefton,91.51295122869904
E08000014,2016,Sefton,93.57852253660856
E08000014,2017,Sefton,91.58086239156442
E08000014,2018,Sefton,96.4028327329713
E08000014,2019,Sefton,105.22685762392844
E08000014,2020,Sefton,113.14384897063285
E08000014,2021,Sefton,122.87067672859249
E08000014,2022,Sefton,119.36048885585208
E08000015,2010,Wirral,98.38984242007776
E08000015,2011,Wirral,107.81582568185316
E08000015,2012,Wirral,106.69478547229848
E08000015,2013,Wirral,106.35557042307865
E08000015,2014,Wirral,106.55725302091405
E08000015,2015,Wirral,107.84378820896642
E08000015,2016,Wirral,106.63678963495512
E08000015,2017,Wirral,122.47802848762294
E08000015,2018,Wirral,133.28474992328935
E08000015,2019,Wirral,133.0503518662079
E08000015,2020,Wirral,130.2742142095531
E08000015,2021,Wirral,133.95786748081088
E08000015,2022,Wirral,128.52578690727518
E08000016,2010,Barnsley,53.351334872174554
E08000016,2011,Barnsley,53.6826587598075
E08000016,2012,Barnsley,49.32495860723352
E08000016,2013,Barnsley,50.71131724466949
E08000016,2014,Barnsley,49.49582639469144
E08000016,2015,Barnsley,52.215263990625
E08000016,2016,Barnsley,60.00554079939683
E08000016,2017,Barnsley,61.921688390609035
E08000016,2018,Barnsley,65.87145092856328
E08000016,2019,Barnsley,63.55733754470023
E08000016,2020,Barnsley,63.0149013227605
E08000016,2021,Barnsley,69.54082844241799
E08000016,2022,Barnsley,73.20830868863976
E08000017,2010,Doncaster,75.89854078934482
E08000017,2011,Doncaster,74.02655450952743
E08000017,2012,Doncaster,84.12832122528842
E08000017,2013,Doncaster,82.13838374104243
E08000017,2014,Doncaster,82.66873633397984
E08000017,2015,Doncaster,79.62890541210795
E08000017,2016,Doncaster,80.58951945048737
E08000017,2017,Doncaster,84.17597055966887
E08000017,2018,Doncaster,93.45825762611156
E08000017,2019,Doncaster,87.38092767699068
E08000017,2020,Doncaster,82.92590383663085
E08000017,2021,Doncaster,90.04894019970057
E08000017,2022,Doncaster,96.92942076821288
E08000018,2010,Rotherham,76.26975009886819
E08000018,2011,Rotherham,74.14768797173741
E08000018,2012,Rotherham,72.09871779148267
E08000018,2013,Rotherham,74.17923280847553
E08000018,2014,Rotherham,74.23442405872116
E08000018,2015,Rotherham,76.89746082704215
E08000018,2016,Rotherham,80.63648265383907
E08000018,2017,Rotherham,90.76185068818262
E08000018,2018,Rotherham,114.97753144315588
E08000018,2019,Rotherham,118.91185429126674
E08000018,2020,Rotherham,110.90050576967803
E08000018,2021,Rotherham,111.66546183699596
E08000018,2022,Rotherham,104.61113879873508
E08000019,2010,Sheffield,55.280740380674615
E08000019,2011,Sheffield,58.40478887820069
E08000019,2012,Sheffield,56.79258442280519
E08000019,2013,Sheffield,49.77895225205681
E08000019,2014,Sheffield,49.87209528890044
E08000019,2015,Sheffield,49.34975711802762
E08000019,2016,Sheffield,49.18699218186628
E08000019,2017,Sheffield,53.94449589852331
E08000019,2018,Sheffield,57.92538855760323
E08000019,2019,Sheffield,58.39254053154868
E08000019,2020,Sheffield,58.388379024145905
E08000019,2021,Sheffield,63.49834064892629
E08000019,2022,Sheffield,62.76573241695993
E08000021,2010,Newcastle upon Tyne,104.62544092150102
E08000021,2011,Newcastle upon Tyne,103.16331210374618
E08000021,2012,Newcastle upon Tyne,106.77092704812114
E08000021,2013,Newcastle upon Tyne,105.4770213689516
E08000021,2014,Newcastle upon Tyne,106.68902654135668
E08000021,2015,Newcastle upon Tyne,95.85125767668929
E08000021,2016,Newcastle upon Tyne,93.71845823425618
E08000021,2017,Newcastle upon Tyne,99.6944542006286
E08000021,2018,Newcastle upon Tyne,104.4639667788344
E08000021,2019,Newcastle upon Tyne,124.22904927013876
E08000021,2020,Newcastle upon Tyne,121.01441842076731
E08000021,2021,Newcastle upon Tyne,124.86312498738306
E08000021,2022,Newcastle upon Tyne,121.91616251300728
E08000022,2010,North Tyneside,72.6878650913224
E08000022,2011,North Tyneside,74.44871313255332
E08000022,2012,North Tyneside,78.67839598580403
E08000022,2013,North Tyneside,78.09479003624072
E08000022,2014,North Tyneside,80.02012897161643
E08000022,2015,North Tyneside,79.8065057664952
E08000022,2016,North Tyneside,75.76677262714911
E08000022,2017,North Tyneside,76.2612322843837
E08000022,2018,North Tyneside,71.9736280051408
E08000022,2019,North Tyneside,77.57256699562303
E08000022,2020,North Tyneside,74.68440445245183
E08000022,2021,North Tyneside,73.16658674941104
E08000022,2022,North Tyneside,89.48519938311027
E08000023,2010,South Tyneside,104.08580904664456
E08000023,2011,South Tyneside,114.98994066548082
E08000023,2012,South Tyneside,114.2988860102961
E08000023,2013,South Tyneside,114.92447392324706
E08000023,2014,South Tyneside,113.02425663845496
E08000023,2015,South Tyneside,110.20537355450362
E08000023,2016,South Tyneside,105.11512608701224
E08000023,2017,South Tyneside,99.7199877249409
E08000023,2018,South Tyneside,114.84392260514451
E08000023,2019,South Tyneside,108.89556519928198
E08000023,2020,South Tyneside,104.56740613464108
E08000023,2021,South Tyneside,103.91531149801462
E08000023,2022,South Tyneside,101.109295356682
E08000024,2010,Sunderland,74.06000759589821
E08000024,2011,Sunderland,80.20155685466901
E08000024,2012,Sunderland,75.510676956722
E08000024,2013,Sunderland,85.22035477838233
E08000024,2014,Sunderland,96.13036514874472
E08000024,2015,Sunderland,111.83539023468283
E08000024,2016,Sunderland,107.54658719942054
E08000024,2017,Sunderland,106.01283852706428
E08000024,2018,Sunderland,113.60596235376067
E08000024,2019,Sunderland,115.77848939750687
E08000024,2020,Sunderland,113.94612857669422
E08000024,2021,Sunderland,120.5082745096195
E08000024,2022,Sunderland,108.44753439440956
E08000025,2010,Birmingham,79.97673404100625
E08000025,2011,Birmingham,73.27853024407703
E08000025,2012,Birmingham,71.9206895051676
E08000025,2013,Birmingham,71.05612845644077
E08000025,2014,Birmingham,67.14243825755105
E08000025,2015,Birmingham,73.51951218942423
E08000025,2016,Birmingham,66.37010741584785
E08000025,2017,Birmingham,66.92364595442834
E08000025,2018,Birmingham,69.59194846152887
E08000025,2019,Birmingham,70.59297942942366
E08000025,2020,Birmingham,69.90703241723936
E08000025,2021,Birmingham,71.10943301239695
E08000025,2022,Birmingham,78.35170317201857
E08000026,2010,Coventry,90.63815405413708
E08000026,2011,Coventry,87.81471873589963
E08000026,2012,Coventry,85.58936205376679
E08000026,2013,Coventry,90.9088826290837
E08000026,2014,Coventry,92.30091681182084
E08000026,2015,Coventry,84.9008906276694
E08000026,2016,Coventry,82.32903035451477
E08000026,2017,Coventry,87.03329169398624
E08000026,2018,Coventry,90.71686536971184
E08000026,2019,Coventry,97.3383847306698
E08000026,2020,Coventry,96.05556888972605
E08000026,2021,Coventry,103.34185135806132
E08000026,2022,Coventry,99.4117368906547
E08000027,2010,Dudley,96.9511618375004
E08000027,2011,Dudley,96.8508380303616
E08000027,2012,Dudley,107.66742618254564
E08000027,2013,Dudley,115.97182202455822
E08000027,2014,Dudley,119.37807443070946
E08000027,2015,Dudley,116.71973018315364
E08000027,2016,Dudley,113.98667175514056
E08000027,2017,Dudley,105.07365663329996
E08000027,2018,Dudley,102.48685118469535
E08000027,2019,Dudley,101.83305998084673
E08000027,2020,Dudley,96.115298863425
E08000027,2021,Dudley,96.09482693228824
E08000027,2022,Dudley,90.58856225096564
E08000028,2010,Sandwell,73.5411903479008
E08000028,2011,Sandwell,77.42979921559643
E08000028,2012,Sandwell,80.22133958940935
E08000028,2013,Sandwell,82.38963668661071
E08000028,2014,Sandwell,77.82490838616623
E08000028,2015,Sandwell,71.72739096516736
E08000028,2016,Sandwell,68.18395129615153
E08000028,2017,Sandwell,78.07916648928189
E08000028,2018,Sandwell,94.919261372939
E08000028,2019,Sandwell,112.281672231348
E08000028,2020,Sandwell,107.55667794487132
E08000028,2021,Sandwell,110.55546199634756
E08000028,2022,Sandwell,104.8982192129899
E08000029,2010,Solihull,98.2713710632252
E08000029,2011,Solihull,95.85316782559188
E08000029,2012,Solihull,87.36298690901445
E08000029,2013,Solihull,77.26794658953354
E08000029,2014,Solihull,77.811667495468
E08000029,2015,Solihull,79.53564290120289
E08000029,2016,Solihull,85.30735981803114
E08000029,2017,Solihull,89.57729363888251
E08000029,2018,Solihull,95.35300376311092
E08000029,2019,Solihull,96.84960346140484
E08000029,2020,Solihull,104.81662501243424
E08000029,2021,Solihull,119.79742999092336
E08000029,2022,Solihull,118.93081467900878
E08000030,2010,Walsall,84.00651686918742
E08000030,2011,Walsall,87.03284239753503
E08000030,2012,Walsall,81.73772600230511
E08000030,2013,Walsall,95.90042978043996
E08000030,2014,Walsall,103.51632405377454
E08000030,2015,Walsall,99.053964469294
E08000030,2016,Walsall,99.8933100904192
E08000030,2017,Walsall,102.48036322836296
E08000030,2018,Walsall,99.23672912370505
E08000030,2019,Walsall,94.9419256167742
E08000030,2020,Walsall,103.00658356801718
E08000030,2021,Walsall,103.78591690689136
E08000030,2022,Walsall,102.08028344034648
E08000031,2010,Wolverhampton,76.86099688712963
E08000031,2011,Wolverhampton,93.8470403806527
E08000031,2012,Wolverhampton,108.08559582175296
E08000031,2013,Wolverhampton,123.47096111495958
E08000031,2014,Wolverhampton,142.54969311961383
E08000031,2015,Wolverhampton,142.42484448735578
E08000031,2016,Wolverhampton,117.60084691339468
E08000031,2017,Wolverhampton,113.2513148052292
E08000031,2018,Wolverhampton,113.19406602869746
E08000031,2019,Wolverhampton,107.70878866146651
E08000031,2020,Wolverhampton,100.50193366233133
E08000031,2021,Wolverhampton,92.11303191849362
E08000031,2022,Wolverhampton,88.0773778529484
E08000032,2010,Bradford,69.8180785433661
E08000032,2011,Bradford,68.71066875196324
E08000032,2012,Bradford,68.73660139714661
E08000032,2013,Bradford,66.77165780215172
E08000032,2014,Bradford,66.36541605348575
E08000032,2015,Bradford,65.86730169347233
E08000032,2016,Bradford,63.34861227655916
E08000032,2017,Bradford,68.8608133539168
E08000032,2018,Bradford,73.1299044318235
E08000032,2019,Bradford,85.94390095287983
E08000032,2020,Bradford,92.90671197531653
E08000032,2021,Bradford,101.78285199356816
E08000032,2022,Bradford,110.75534348224782
E08000033,2010,Calderdale,63.03403838072559
E08000033,2011,Calderdale,74.9565240448583
E08000033,2012,Calderdale,83.39089718981552
E08000033,2013,Calderdale,77.79437391087876
E08000033,2014,Calderdale,74.44370256642107
E08000033,2015,Calderdale,74.45092961262996
E08000033,2016,Calderdale,68.96472241537231
E08000033,2017,Calderdale,73.45711328097192
E08000033,2018,Calderdale,68.76355851832082
E08000033,2019,Calderdale,77.25554085875548
E08000033,2020,Calderdale,76.70874125627859
E08000033,2021,Calderdale,80.27291094810452
E08000033,2022,Calderdale,80.08019729973661
E08000034,2010,Kirklees,61.35308423612646
E08000034,2011,Kirklees,64.37993305078207
E08000034,2012,Kirklees,69.8059603068957
E08000034,2013,Kirklees,70.67471502805894
E08000034,2014,Kirklees,65.84648943665273
E08000034,2015,Kirklees,67.22901467653705
E08000034,2016,Kirklees,70.18959058874717
E08000034,2017,Kirklees,74.7681963643354
E08000034,2018,Kirklees,71.868563865759
E08000034,2019,Kirklees,66.42629262623868
E08000034,2020,Kirklees,71.44070176813696
E08000034,2021,Kirklees,71.68374044673178
E08000034,2022,Kirklees,65.86506914649088
E08000035,2010,Leeds,98.39850350827172
E08000035,2011,Leeds,98.97487524842404
E08000035,2012,Leeds,99.5172556241789
E08000035,2013,Leeds,91.71584051869831
E08000035,2014,Leeds,88.39254104262402
E08000035,2015,Leeds,81.12181368827981
E08000035,2016,Leeds,78.93815840444272
E08000035,2017,Leeds,79.52640799093533
E08000035,2018,Leeds,79.26789796093124
E08000035,2019,Leeds,79.69202095166439
E08000035,2020,Leeds,82.93793004304084
E08000035,2021,Leeds,79.03463109680654
E08000035,2022,Leeds,84.95278629794343
E08000036,2010,Wakefield,58.08280284373402
E08000036,2011,Wakefield,61.861929067179915
E08000036,2012,Wakefield,67.23902763110974
E08000036,2013,Wakefield,68.85698576970037
E08000036,2014,Wakefield,75.64500745103324
E08000036,2015,Wakefield,75.7910800730626
E08000036,2016,Wakefield,72.37169461737561
E08000036,2017,Wakefield,77.32736483284648
E08000036,2018,Wakefield,81.80894169382726
E08000036,2019,Wakefield,87.26364203333115
E08000036,2020,Wakefield,91.18165683532162
E08000036,2021,Wakefield,91.48880769233308
E08000036,2022,Wakefield,92.4556568090398
E08000037,2010,Gateshead,80.55205004967377
E08000037,2011,Gateshead,96.19319641861397
E08000037,2012,Gateshead,101.8748487380684
E08000037,2013,Gateshead,103.68640165402256
E08000037,2014,Gateshead,96.0254724356682
E08000037,2015,Gateshead,91.33102755797714
E08000037,2016,Gateshead,92.20243075391808
E08000037,2017,Gateshead,102.30691512927665
E08000037,2018,Gateshead,106.70130581841435
E08000037,2019,Gateshead,102.65603364318292
E08000037,2020,Gateshead,112.6253569190055
E08000037,2021,Gateshead,120.70544828840336
E08000037,2022,Gateshead,133.4068218023018
E09000001,2010,City of London,246.71052631578948
E09000001,2011,City of London,138.12816083274706
E09000001,2012,City of London,100.0893130303274
E09000001,2013,City of London,124.57708304895648
E09000001,2014,City of London,118.63894018139894
E09000001,2015,City of London,145.76385635773656
E09000001,2016,City of London,276.3233123428097
E09000001,2017,City of London,332.57386396232386
E09000001,2018,City of London,295.15006462310663
E09000001,2019,City of London,366.22792561178375
E09000001,2020,City of London,336.7131854638673
E09000001,2021,City of London,335.57052610243727
E09000001,2022,City of London,143.84409831398895
E09000002,2010,Barking and Dagenham,79.01029213015906
E09000002,2011,Barking and Dagenham,80.3648154918902
E09000002,2012,Barking and Dagenham,81.61292366448909
E09000002,2013,Barking and Dagenham,78.28321918117803
E09000002,2014,Barking and Dagenham,82.73844302472743
E09000002,2015,Barking and Dagenham,80.20525102900967
E09000002,2016,Barking and Dagenham,70.89589394218501
E09000002,2017,Barking and Dagenham,68.33638805898977
E09000002,2018,Barking and Dagenham,67.66638427670144
E09000002,2019,Barking and Dagenham,68.17799608203782
E09000002,2020,Barking and Dagenham,66.07268202115807
E09000002,2021,Barking and Dagenham,64.95731681293222
E09000002,2022,Barking and Dagenham,69.34317672879256
E09000003,2010,Barnet,40.99661447312738
E09000003,2011,Barnet,38.63942844557444
E09000003,2012,Barnet,37.30741399916688
E09000003,2013,Barnet,38.25891431469374
E09000003,2014,Barnet,37.86116658194056
E09000003,2015,Barnet,36.85652369195313
E09000003,2016,Barnet,37.856933464209014
E09000003,2017,Barnet,41.95378022768342
E09000003,2018,Barnet,39.78463909763698
E09000003,2019,Barnet,37.42733833144247
E09000003,2020,Barnet,38.7634267708547
E09000003,2021,Barnet,38.93580930050091
E09000003,2022,Barnet,39.38190187787454
E09000004,2010,Bexley,43.99032212913159
E09000004,2011,Bexley,41.92390162330135
E09000004,2012,Bexley,46.79176749166818
E09000004,2013,Bexley,49.77462884118928
E09000004,2014,Bexley,48.818426857330685
E09000004,2015,Bexley,52.3332762678602
E09000004,2016,Bexley,48.87423575980264
E09000004,2017,Bexley,44.838828526447635
E09000004,2018,Bexley,44.94572578882371
E09000004,2019,Bexley,42.26732507863026
E09000004,2020,Bexley,41.04537404519359
E09000004,2021,Bexley,43.73709638837375
E09000004,2022,Bexley,43.76485316461596
E09000005,2010,Brent,57.94377887401143
E09000005,2011,Brent,57.08876707183973
E09000005,2012,Brent,51.54325048254165
E09000005,2013,Brent,48.308238506541585
E09000005,2014,Brent,48.25039760130081
E09000005,2015,Brent,45.33775837272271
E09000005,2016,Brent,47.349845361182865
E09000005,2017,Brent,45.3417241581488
E09000005,2018,Brent,45.11080166334483
E09000005,2019,Brent,42.84288535693729
E09000005,2020,Brent,42.83340664196865
E09000005,2021,Brent,41.96391348230016
E09000005,2022,Brent,49.917438605942074
E09000006,2010,Bromley,44.42019950124688
E09000006,2011,Bromley,41.23205727349766
E09000006,2012,Bromley,42.076879906632776
E09000006,2013,Bromley,41.99587248797785
E09000006,2014,Bromley,40.48553088669098
E09000006,2015,Bromley,39.73138094932657
E09000006,2016,Bromley,43.25839733597243
E09000006,2017,Bromley,43.24695949473256
E09000006,2018,Bromley,46.004051710394286
E09000006,2019,Bromley,51.13481451397057
E09000006,2020,Bromley,48.09624425756349
E09000006,2021,Bromley,49.73003300528332
E09000006,2022,Bromley,48.21773151802591
E09000007,2010,Camden,72.77420772230461
E09000007,2011,Camden,75.00349499981591
E09000007,2012,Camden,71.92341362590916
E09000007,2013,Camden,71.2352204352553
E09000007,2014,Camden,61.661718359443675
E09000007,2015,Camden,52.48023496296119
E09000007,2016,Camden,52.18506877259252
E09000007,2017,Camden,55.59452210551494
E09000007,2018,Camden,57.075601233957464
E09000007,2019,Camden,54.36473252452361
E09000007,2020,Camden,55.01659218914362
E09000007,2021,Camden,54.45251202250317
E09000007,2022,Camden,53.998545658017946
E09000008,2010,Croydon,125.63126601487672
E09000008,2011,Croydon,100.53210871820632
E09000008,2012,Croydon,87.85339957385449
E09000008,2013,Croydon,85.67568020282965
E09000008,2014,Croydon,91.69474765047607
E09000008,2015,Croydon,92.85455412966064
E09000008,2016,Croydon,92.15773713680449
E09000008,2017,Croydon,90.33966852246596
E09000008,2018,Croydon,88.85030729258577
E09000008,2019,Croydon,94.1458845956524
E09000008,2020,Croydon,91.18990992754114
E09000008,2021,Croydon,80.29028924688379
E09000008,2022,Croydon,65.34864470297134
E09000009,2010,Ealing,57.25409366769724
E09000009,2011,Ealing,52.39563156141568
E09000009,2012,Ealing,54.372350577601864
E09000009,2013,Ealing,52.08203428133715
E09000009,2014,Ealing,50.00198124733488
E09000009,2015,Ealing,45.97268885580583
E09000009,2016,Ealing,48.53641514538147
E09000009,2017,Ealing,45.64968980575333
E09000009,2018,Ealing,44.833060745694496
E09000009,2019,Ealing,45.84104506612245
E09000009,2020,Ealing,43.54528388180498
E09000009,2021,Ealing,40.589441187049985
E09000009,2022,Ealing,43.70029241624326
E09000010,2010,Enfield,39.2580233585239
E09000010,2011,Enfield,40.584183470404966
E09000010,2012,Enfield,40.68866018233391
E09000010,2013,Enfield,39.00331450166636
E09000010,2014,Enfield,38.51916807202584
E09000010,2015,Enfield,45.77300667346144
E09000010,2016,Enfield,45.71136193335785
E09000010,2017,Enfield,41.53740280167865
E09000010,2018,Enfield,42.03706522687595
E09000010,2019,Enfield,47.884461912058825
E09000010,2020,Enfield,47.59195456472859
E09000010,2021,Enfield,49.0343982416707
E09000010,2022,Enfield,50.99450716497266
E09000011,2010,Greenwich,105.38160644435315
E09000011,2011,Greenwich,101.05719875131668
E09000011,2012,Greenwich,95.18132939272486
E09000011,2013,Greenwich,96.2862639188074
E09000011,2014,Greenwich,89.49640373617652
E09000011,2015,Greenwich,84.59046471833584
E09000011,2016,Greenwich,83.17988945360577
E09000011,2017,Greenwich,78.89833365923965
E09000011,2018,Greenwich,78.38607209774267
E09000011,2019,Greenwich,75.02411970629264
E09000011,2020,Greenwich,72.65947059458615
E09000011,2021,Greenwich,66.96201507606517
E09000011,2022,Greenwich,74.18516205926437
E09000012,2010,Hackney,57.85280728376328
E09000012,2011,Hackney,49.048099929558376
E09000012,2012,Hackney,55.50737737633225
E09000012,2013,Hackney,57.78859829149815
E09000012,2014,Hackney,59.23050429301435
E09000012,2015,Hackney,61.993672296884064
E09000012,2016,Hackney,58.85041067868238
E09000012,2017,Hackney,66.99903001296494
E09000012,2018,Hackney,69.05877339108335
E09000012,2019,Hackney,73.87836902464227
E09000012,2020,Hackney,79.76049643969314
E09000012,2021,Hackney,81.79626418052584
E09000012,2022,Hackney,77.40197684648865
E09000013,2010,Hammersmith and Fulham,83.84021042248891
E09000013,2011,Hammersmith and Fulham,80.96444694988712
E09000013,2012,Hammersmith and Fulham,71.54935514426491
E09000013,2013,Hammersmith and Fulham,74.99072911223483
E09000013,2014,Hammersmith and Fulham,64.1600834117014
E09000013,2015,Hammersmith and Fulham,60.32732268303909
E09000013,2016,Hammersmith and Fulham,67.36771484128214
E09000013,2017,Hammersmith and Fulham,73.54696544331176
E09000013,2018,Hammersmith and Fulham,76.67981009505375
E09000013,2019,Hammersmith and Fulham,82.371585912064
E09000013,2020,Hammersmith and Fulham,85.75664270033144
E09000013,2021,Hammersmith and Fulham,81.73039214135834
E09000013,2022,Hammersmith and Fulham,71.95774497299696
E09000014,2010,Haringey,109.49650167956496
E09000014,2011,Haringey,111.80037071473411
E09000014,2012,Haringey,102.52193401312591
E09000014,2013,Haringey,96.57713465513808
E09000014,2014,Haringey,90.83695174671112
E09000014,2015,Haringey,81.21711280943516
E09000014,2016,Haringey,73.60695891402428
E09000014,2017,Haringey,82.50277282880126
E09000014,2018,Haringey,81.47536417370931
E09000014,2019,Haringey,81.14721380567407
E09000014,2020,Haringey,77.38950564505555
E09000014,2021,Haringey,76.38479180748689
E09000014,2022,Haringey,76.71559714320631
E09000015,2010,Harrow,31.938677738741617
E09000015,2011,Harrow,27.14124871922386
E09000015,2012,Harrow,29.28303127793312
E09000015,2013,Harrow,30.72938781041643
E09000015,2014,Harrow,30.29841819215725
E09000015,2015,Harrow,30.131024486059225
E09000015,2016,Harrow,33.64508822513553
E09000015,2017,Harrow,38.521772243873784
E09000015,2018,Harrow,29.6029617467198
E09000015,2019,Harrow,31.0734201491791
E09000015,2020,Harrow,33.75677517534013
E09000015,2021,Harrow,33.287452128482904
E09000015,2022,Harrow,34.47664236821377
E09000016,2010,Havering,41.95510803440319
E09000016,2011,Havering,41.628624481339926
E09000016,2012,Havering,38.684543191376115
E09000016,2013,Havering,38.29218351800101
E09000016,2014,Havering,41.95025137928171
E09000016,2015,Havering,47.588270094206536
E09000016,2016,Havering,44.300558980197266
E09000016,2017,Havering,46.72770515718547
E09000016,2018,Havering,46.631661337466646
E09000016,2019,Havering,45.0937794518747
E09000016,2020,Havering,41.937158325136906
E09000016,2021,Havering,37.12986838362868
E09000016,2022,Havering,47.30071652702086
E09000017,2010,Hillingdon,71.95584450765271
E09000017,2011,Hillingdon,63.32669296758555
E09000017,2012,Hillingdon,59.774683098027275
E09000017,2013,Hillingdon,57.50344245063314
E09000017,2014,Hillingdon,56.77828472186373
E09000017,2015,Hillingdon,50.701233735586904
E09000017,2016,Hillingdon,51.882614817016105
E09000017,2017,Hillingdon,46.22939375266744
E09000017,2018,Hillingdon,42.90206173846344
E09000017,2019,Hillingdon,47.750402153886945
E09000017,2020,Hillingdon,49.43695779338065
E09000017,2021,Hillingdon,50.26245526993615
E09000017,2022,Hillingdon,60.3094210322188
E09000018,2010,Hounslow,68.40999749484517
E09000018,2011,Hounslow,62.78382532430127
E09000018,2012,Hounslow,56.73428571287617
E09000018,2013,Hounslow,52.184730985386715
E09000018,2014,Hounslow,53.685470276421235
E09000018,2015,Hounslow,49.71666689153554
E09000018,2016,Hounslow,46.467202673899386
E09000018,2017,Hounslow,41.3739453167323
E09000018,2018,Hounslow,40.27594217284161
E09000018,2019,Hounslow,44.43638279694689
E09000018,2020,Hounslow,42.82207673859422
E09000018,2021,Hounslow,40.78412486096611
E09000018,2022,Hounslow,48.048972291732255
E09000019,2010,Islington,93.24216321818668
E09000019,2011,Islington,93.78545719860408
E09000019,2012,Islington,94.56143555870976
E09000019,2013,Islington,89.00120598643817
E09000019,2014,Islington,88.02293472658414
E09000019,2015,Islington,101.3900763817532
E09000019,2016,Islington,102.6570082377858
E09000019,2017,Islington,98.71939917840604
E09000019,2018,Islington,96.97742526782828
E09000019,2019,Islington,90.5093034556397
E09000019,2020,Islington,105.47458950402306
E09000019,2021,Islington,98.4666723712076
E09000019,2022,Islington,110.24792963909552
E09000020,2010,Kensington and Chelsea,59.57185133940582
E09000020,2011,Kensington and Chelsea,51.006052601843656
E09000020,2012,Kensington and Chelsea,54.881177315753725
E09000020,2013,Kensington and Chelsea,38.989801767771354
E09000020,2014,Kensington and Chelsea,39.72109629577268
E09000020,2015,Kensington and Chelsea,43.3319742775458
E09000020,2016,Kensington and Chelsea,44.83972852559316
E09000020,2017,Kensington and Chelsea,35.5844124932444
E09000020,2018,Kensington and Chelsea,38.16379592307931
E09000020,2019,Kensington and Chelsea,42.68095332489422
E09000020,2020,Kensington and Chelsea,49.6915807657842
E09000020,2021,Kensington and Chelsea,49.56317426227378
E09000020,2022,Kensington and Chelsea,46.67649146733402
E09000021,2010,Kingston upon Thames,41.98017244163141
E09000021,2011,Kingston upon Thames,35.14544622568201
E09000021,2012,Kingston upon Thames,38.71758823789424
E09000021,2013,Kingston upon Thames,38.782292184568725
E09000021,2014,Kingston upon Thames,34.829313368218315
E09000021,2015,Kingston upon Thames,34.6801014810908
E09000021,2016,Kingston upon Thames,34.381863243828725
E09000021,2017,Kingston upon Thames,34.4954595696296
E09000021,2018,Kingston upon Thames,39.979846840345914
E09000021,2019,Kingston upon Thames,38.19787454837683
E09000021,2020,Kingston upon Thames,35.93298773752298
E09000021,2021,Kingston upon Thames,38.034599744399365
E09000021,2022,Kingston upon Thames,38.91510333139092
E09000022,2010,Lambeth,100.46230440967284
E09000022,2011,Lambeth,86.51863057340577
E09000022,2012,Lambeth,87.59982335469806
E09000022,2013,Lambeth,86.53458023733275
E09000022,2014,Lambeth,92.5948885193956
E09000022,2015,Lambeth,84.70176665789135
E09000022,2016,Lambeth,82.26562912084263
E09000022,2017,Lambeth,75.7658882021447
E09000022,2018,Lambeth,75.43765264308848
E09000022,2019,Lambeth,65.03214367430381
E09000022,2020,Lambeth,68.63657046215113
E09000022,2021,Lambeth,72.34833127891373
E09000022,2022,Lambeth,79.35690428163663
E09000023,2010,Lewisham,89.45458263047591
E09000023,2011,Lewisham,80.49342435939141
E09000023,2012,Lewisham,82.24399673322883
E09000023,2013,Lewisham,80.98986003673399
E09000023,2014,Lewisham,81.40946353426715
E09000023,2015,Lewisham,78.27018888529176
E09000023,2016,Lewisham,73.51675578654672
E09000023,2017,Lewisham,72.21450977227447
E09000023,2018,Lewisham,75.60937136572923
E09000023,2019,Lewisham,76.60800761977433
E09000023,2020,Lewisham,75.32348404307099
E09000023,2021,Lewisham,77.07003991049926
E09000023,2022,Lewisham,77.3934575865045
E09000024,2010,Merton,34.74290252134207
E09000024,2011,Merton,31.925469237463144
E09000024,2012,Merton,30.55172892539506
E09000024,2013,Merton,32.25054961789791
E09000024,2014,Merton,34.22421068029832
E09000024,2015,Merton,35.584910926140196
E09000024,2016,Merton,37.21088687546589
E09000024,2017,Merton,34.80787817973602
E09000024,2018,Merton,35.24421918916535
E09000024,2019,Merton,35.88450197943314
E09000024,2020,Merton,34.59730933580086
E09000024,2021,Merton,31.81772369999615
E09000024,2022,Merton,27.73364642346896
E09000025,2010,Newham,77.63436984459263
E09000025,2011,Newham,65.9734437500792
E09000025,2012,Newham,57.55478384434372
E09000025,2013,Newham,51.89630106685502
E09000025,2014,Newham,51.3556409251028
E09000025,2015,Newham,54.405726501882704
E09000025,2016,Newham,44.07657491363604
E09000025,2017,Newham,49.792931191789656
E09000025,2018,Newham,50.55341825550339
E09000025,2019,Newham,47.49397717002012
E09000025,2020,Newham,51.47757550388844
E09000025,2021,Newham,48.31928861088379
E09000025,2022,Newham,54.56356007201731
E09000026,2010,Redbridge,35.169438539452294
E09000026,2011,Redbridge,31.280181185534065
E09000026,2012,Redbridge,31.99710144598441
E09000026,2013,Redbridge,30.022102825906213
E09000026,2014,Redbridge,30.921647622773072
E09000026,2015,Redbridge,30.717108594321413
E09000026,2016,Redbridge,30.12195147820295
E09000026,2017,Redbridge,32.12450058730069
E09000026,2018,Redbridge,31.04434254166074
E09000026,2019,Redbridge,32.646682304427486
E09000026,2020,Redbridge,32.699478997959375
E09000026,2021,Redbridge,33.01686895649103
E09000026,2022,Redbridge,40.02417515962464
E09000027,2010,Richmond upon Thames,25.369188453013592
E09000027,2011,Richmond upon Thames,23.126803143842203
E09000027,2012,Richmond upon Thames,19.3282038455796
E09000027,2013,Richmond upon Thames,20.96371629333153
E09000027,2014,Richmond upon Thames,20.46818831613383
E09000027,2015,Richmond upon Thames,23.57894117998316
E09000027,2016,Richmond upon Thames,29.825175375472572
E09000027,2017,Richmond upon Thames,26.997935753114167
E09000027,2018,Richmond upon Thames,26.179549824516464
E09000027,2019,Richmond upon Thames,28.052615416574163
E09000027,2020,Richmond upon Thames,29.464197908215837
E09000027,2021,Richmond upon Thames,31.52978168394065
E09000027,2022,Richmond upon Thames,31.406869400069972
E09000028,2010,Southwark,100.03064001586073
E09000028,2011,Southwark,92.46886525201774
E09000028,2012,Southwark,97.65204778293696
E09000028,2013,Southwark,99.80505687669384
E09000028,2014,Southwark,97.4965250022659
E09000028,2015,Southwark,89.11516068747935
E09000028,2016,Southwark,84.13931190835218
E09000028,2017,Southwark,88.6761468590241
E09000028,2018,Southwark,87.32646022513616
E09000028,2019,Southwark,82.19726439284375
E09000028,2020,Southwark,82.43198101688668
E09000028,2021,Southwark,82.80435519925872
E09000028,2022,Southwark,85.28424941742645
E09000029,2010,Sutton,37.349667587958464
E09000029,2011,Sutton,40.37771302100835
E09000029,2012,Sutton,36.96012544063657
E09000029,2013,Sutton,40.96177163358401
E09000029,2014,Sutton,46.8067285495524
E09000029,2015,Sutton,52.882786833800395
E09000029,2016,Sutton,53.111049871183866
E09000029,2017,Sutton,52.03555394833566
E09000029,2018,Sutton,47.996814976006384
E09000029,2019,Sutton,51.86632092620906
E09000029,2020,Sutton,50.52893429295121
E09000029,2021,Sutton,51.53285334756876
E09000029,2022,Sutton,50.940863722634425
E09000030,2010,Tower Hamlets,69.26304124119369
E09000030,2011,Tower Hamlets,61.84359969239334
E09000030,2012,Tower Hamlets,53.42169707458228
E09000030,2013,Tower Hamlets,54.08772536373728
E09000030,2014,Tower Hamlets,56.72950404731641
E09000030,2015,Tower Hamlets,48.241219192495635
E09000030,2016,Tower Hamlets,52.89312335459323
E09000030,2017,Tower Hamlets,57.22426534998386
E09000030,2018,Tower Hamlets,48.46582859985153
E09000030,2019,Tower Hamlets,55.45521831834529
E09000030,2020,Tower Hamlets,51.2765172040816
E09000030,2021,Tower Hamlets,50.27251977237917
E09000030,2022,Tower Hamlets,53.28697067279343
E09000031,2010,Waltham Forest,60.405784742209434
E09000031,2011,Waltham Forest,52.95127428864276
E09000031,2012,Waltham Forest,52.48168477511876
E09000031,2013,Waltham Forest,46.48721902813521
E09000031,2014,Waltham Forest,43.698125506599176
E09000031,2015,Waltham Forest,44.55187060421197
E09000031,2016,Waltham Forest,45.784493578790894
E09000031,2017,Waltham Forest,46.25714508275354
E09000031,2018,Waltham Forest,48.688063930322905
E09000031,2019,Waltham Forest,47.01255037147338
E09000031,2020,Waltham Forest,50.41071215693956
E09000031,2021,Waltham Forest,53.42269607797867
E09000031,2022,Waltham Forest,55.92760445291847
E09000032,2010,Wandsworth,39.96101364522417
E09000032,2011,Wandsworth,38.566610619631106
E09000032,2012,Wandsworth,39.442211516438704
E09000032,2013,Wandsworth,37.72305431949979
E09000032,2014,Wandsworth,36.79951457351443
E09000032,2015,Wandsworth,39.77035094540036
E09000032,2016,Wandsworth,46.031432647646376
E09000032,2017,Wandsworth,53.41270956536873
E09000032,2018,Wandsworth,56.80796277765788
E09000032,2019,Wandsworth,56.19188674625243
E09000032,2020,Wandsworth,49.92456524354861
E09000032,2021,Wandsworth,44.49061031848479
E09000032,2022,Wandsworth,43.222535653789414
E09000033,2010,Westminster,76.08931954408521
E09000033,2011,Westminster,60.98110723600652
E09000033,2012,Westminster,60.31089465917626
E09000033,2013,Westminster,54.98507371679197
E09000033,2014,Westminster,52.97296786440051
E09000033,2015,Westminster,54.98872353312097
E09000033,2016,Westminster,53.43886827345046
E09000033,2017,Westminster,60.31405581888238
E09000033,2018,Westminster,68.64308225851839
E09000033,2019,Westminster,71.65865860682833
E09000033,2020,Westminster,77.16609697567931
E09000033,2021,Westminster,58.24655415490916
E09000033,2022,Westminster,57.21771349070733
E10000003,2010,Cambridgeshire,40.51179906147666
E10000003,2011,Cambridgeshire,39.158008798289686
E10000003,2012,Cambridgeshire,38.98459570730978
E10000003,2013,Cambridgeshire,38.13878382342677
E10000003,2014,Cambridgeshire,40.901599559590515
E10000003,2015,Cambridgeshire,43.17630994304977
E10000003,2016,Cambridgeshire,49.07905510030887
E10000003,2017,Cambridgeshire,55.63318254167193
E10000003,2018,Cambridgeshire,55.94281851797153
E10000003,2019,Cambridgeshire,61.570026761535594
E10000003,2020,Cambridgeshire,56.855713645620135
E10000003,2021,Cambridgeshire,51.28313351400321
E10000003,2022,Cambridgeshire,46.85621005640539
E10000006,2010,Cumbria,55.811510303242535
E10000006,2011,Cumbria,56.93557225894266
E10000006,2012,Cumbria,68.08251735452869
E10000006,2013,Cumbria,72.03120282686262
E10000006,2014,Cumbria,76.5732267411226
E10000006,2015,Cumbria,78.8484514573428
E10000006,2016,Cumbria,76.57352683765534
E10000006,2017,Cumbria,72.68961880913515
E10000006,2018,Cumbria,77.36793405468632
E10000006,2019,Cumbria,79.33936952987428
E10000006,2020,Cumbria,84.20038888153975
E10000006,2021,Cumbria,86.92108849573634
E10000006,2022,Cumbria,86.66019632990266
E10000007,2010,Derbyshire,42.55836575875486
E10000007,2011,Derbyshire,45.11400598452054
E10000007,2012,Derbyshire,48.30218662743005
E10000007,2013,Derbyshire,46.07749239668983
E10000007,2014,Derbyshire,43.82854996518415
E10000007,2015,Derbyshire,42.230032635243155
E10000007,2016,Derbyshire,41.03919929062264
E10000007,2017,Derbyshire,44.10776318244815
E10000007,2018,Derbyshire,49.526321875134
E10000007,2019,Derbyshire,55.730519585256474
E10000007,2020,Derbyshire,60.0464301567628
E10000007,2021,Derbyshire,62.76827651870349
E10000007,2022,Derbyshire,63.330484376542294
E10000008,2010,Devon,46.79209968226655
E10000008,2011,Devon,48.91853385463081
E10000008,2012,Devon,53.99443054967093
E10000008,2013,Devon,52.65162283276358
E10000008,2014,Devon,51.82057918735548
E10000008,2015,Devon,52.98923082953606
E10000008,2016,Devon,53.06502294630152
E10000008,2017,Devon,50.6885010174401
E10000008,2018,Devon,51.54687657003811
E10000008,2019,Devon,55.101618949335666
E10000008,2020,Devon,54.96860828279539
E10000008,2021,Devon,59.38052410498151
E10000008,2022,Devon,59.80415471233764
E10000011,2010,East Sussex,53.33333333333333
E10000011,2011,East Sussex,60.343031899802064
E10000011,2012,East Sussex,63.403605382206074
E10000011,2013,East Sussex,61.23639480142494
E10000011,2014,East Sussex,58.98591464777953
E10000011,2015,East Sussex,55.978875573218296
E10000011,2016,East Sussex,56.07000628055189
E10000011,2017,East Sussex,57.60397100221055
E10000011,2018,East Sussex,62.094555036436915
E10000011,2019,East Sussex,60.83897984054128
E10000011,2020,East Sussex,60.094588965921446
E10000011,2021,East Sussex,63.59370881614562
E10000011,2022,East Sussex,65.78643040019108
E10000012,2010,Essex,51.814030807759146
E10000012,2011,Essex,57.04383580221339
E10000012,2012,Essex,53.32782730288789
E10000012,2013,Essex,45.12766044597602
E10000012,2014,Essex,40.52710687248408
E10000012,2015,Essex,36.44866821249313
E10000012,2016,Essex,35.52009773670469
E10000012,2017,Essex,35.52203577073425
E10000012,2018,Essex,35.273928791999865
E10000012,2019,Essex,36.32494355713756
E10000012,2020,Essex,36.3797719525036
E10000012,2021,Essex,36.40631819984792
E10000012,2022,Essex,37.41263052320598
E10000013,2010,Gloucestershire,42.83141903113582
E10000013,2011,Gloucestershire,42.27440696190618
E10000013,2012,Gloucestershire,40.278620129055355
E10000013,2013,Gloucestershire,45.434113278038915
E10000013,2014,Gloucestershire,41.30188272372482
E10000013,2015,Gloucestershire,44.92996100774852
E10000013,2016,Gloucestershire,47.522606399160495
E10000013,2017,Gloucestershire,51.65180786598383
E10000013,2018,Gloucestershire,54.77891404814453
E10000013,2019,Gloucestershire,59.56274625275333
E10000013,2020,Gloucestershire,60.783184420290645
E10000013,2021,Gloucestershire,65.50565332378756
E10000013,2022,Gloucestershire,70.0797300592871
E10000014,2010,Hampshire,42.35193113307705
E10000014,2011,Hampshire,41.24059320347408
E10000014,2012,Hampshire,42.06935986498068
E10000014,2013,Hampshire,43.19235733486179
E10000014,2014,Hampshire,48.4681907753083
E10000014,2015,Hampshire,51.3629220697754
E10000014,2016,Hampshire,50.215742065795006
E10000014,2017,Hampshire,55.284685805946935
E10000014,2018,Hampshire,60.963727920488616
E10000014,2019,Hampshire,63.247800260606716
E10000014,2020,Hampshire,60.51876117336842
E10000014,2021,Hampshire,62.59224793969203
E10000014,2022,Hampshire,64.9714250340069
E10000015,2010,Hertfordshire,48.62921079909738
E10000015,2011,Hertfordshire,46.00236862799354
E10000015,2012,Hertfordshire,43.95589161595611
E10000015,2013,Hertfordshire,42.752319758288465
E10000015,2014,Hertfordshire,41.25038592952342
E10000015,2015,Hertfordshire,40.83096411087946
E10000015,2016,Hertfordshire,41.045284968795656
E10000015,2017,Hertfordshire,36.54936024699275
E10000015,2018,Hertfordshire,35.752041578402924
E10000015,2019,Hertfordshire,36.96291742060507
E10000015,2020,Hertfordshire,37.36569698378844
E10000015,2021,Hertfordshire,39.05980409200133
E10000015,2022,Hertfordshire,40.3819919224919
E10000016,2010,Kent,48.65423392153126
E10000016,2011,Kent,56.02754604951389
E10000016,2012,Kent,59.31634006756624
E10000016,2013,Kent,60.11229672199414
E10000016,2014,Kent,60.230809300689046
E10000016,2015,Kent,61.197792003692875
E10000016,2016,Kent,75.56981866201541
E10000016,2017,Kent,61.61215138949209
E10000016,2018,Kent,52.69817695936261
E10000016,2019,Kent,50.47760124643489
E10000016,2020,Kent,57.09081050100513
E10000016,2021,Kent,52.29666526028284
E10000016,2022,Kent,55.5113552506971
E10000017,2010,Lancashire,55.92062317768398
E10000017,2011,Lancashire,56.789427763579056
E10000017,2012,Lancashire,58.16049470747493
E10000017,2013,Lancashire,64.76599128330902
E10000017,2014,Lancashire,69.9292496614704
E10000017,2015,Lancashire,70.37109090016935
E10000017,2016,Lancashire,72.41126586703818
E10000017,2017,Lancashire,79.8049118145749
E10000017,2018,Lancashire,83.68031156382288
E10000017,2019,Lancashire,90.05942331527714
E10000017,2020,Lancashire,88.79421247308223
E10000017,2021,Lancashire,84.90686281995154
E10000017,2022,Lancashire,82.08543007598968
E10000018,2010,Leicestershire,26.33511028824975
E10000018,2011,Leicestershire,28.050418862003077
E10000018,2012,Leicestershire,29.815859839534145
E10000018,2013,Leicestershire,34.85665377421877
E10000018,2014,Leicestershire,36.45574794492034
E10000018,2015,Leicestershire,37.50334609104733
E10000018,2016,Leicestershire,37.009399143740445
E10000018,2017,Leicestershire,39.73980815781717
E10000018,2018,Leicestershire,42.720244544621686
E10000018,2019,Leicestershire,44.44306915718451
E10000018,2020,Leicestershire,49.508106979770105
E10000018,2021,Leicestershire,53.15674087959938
E10000018,2022,Leicestershire,51.807855071899986
E10000019,2010,Lincolnshire,39.78150771914255
E10000019,2011,Lincolnshire,37.484673339204775
E10000019,2012,Lincolnshire,38.23924063671621
E10000019,2013,Lincolnshire,44.4146338027194
E10000019,2014,Lincolnshire,45.954483982460715
E10000019,2015,Lincolnshire,47.54641552667065
E10000019,2016,Lincolnshire,46.89583555047669
E10000019,2017,Lincolnshire,51.25618487026086
E10000019,2018,Lincolnshire,48.36352720066768
E10000019,2019,Lincolnshire,44.8183549739396
E10000019,2020,Lincolnshire,45.61991966361485
E10000019,2021,Lincolnshire,49.95965049236525
E10000019,2022,Lincolnshire,54.05062035501608
E10000020,2010,Norfolk,57.439185856330646
E10000020,2011,Norfolk,61.96386994501134
E10000020,2012,Norfolk,65.42844295237941
E10000020,2013,Norfolk,69.42764801046276
E10000020,2014,Norfolk,73.89357840015883
E10000020,2015,Norfolk,68.58007133783624
E10000020,2016,Norfolk,66.5933579681428
E10000020,2017,Norfolk,70.14405333290078
E10000020,2018,Norfolk,74.76107305053907
E10000020,2019,Norfolk,74.7623755115201
E10000020,2020,Norfolk,69.75424588097707
E10000020,2021,Norfolk,68.44831175509786
E10000020,2022,Norfolk,68.89614961094591
E10000021,2010,Northamptonshire,48.24458626821233
E10000021,2011,Northamptonshire,50.040662457598785
E10000021,2012,Northamptonshire,53.35107832305842
E10000021,2013,Northamptonshire,48.51975931590361
E10000021,2014,Northamptonshire,55.05496465867348
E10000021,2015,Northamptonshire,61.13533849275094
E10000021,2016,Northamptonshire,63.983552579988874
E10000021,2017,Northamptonshire,63.879435124844186
E10000021,2018,Northamptonshire,68.8194380817393
E10000021,2019,Northamptonshire,69.96775707563584
E10000021,2020,Northamptonshire,71.6237561129514
E10000021,2021,Northamptonshire,70.61811317780267
E10000021,2022,Northamptonshire,72.89826192241983
E10000023,2010,North Yorkshire,41.98227811919394
E10000023,2011,North Yorkshire,43.03932034330693
E10000023,2012,North Yorkshire,43.70648330142557
E10000023,2013,North Yorkshire,44.729195431736514
E10000023,2014,North Yorkshire,42.47567032616698
E10000023,2015,North Yorkshire,41.44740905959159
E10000023,2016,North Yorkshire,38.24998711087113
E10000023,2017,North Yorkshire,39.37050911806332
E10000023,2018,North Yorkshire,40.657507063741775
E10000023,2019,North Yorkshire,40.092108019208155
E10000023,2020,North Yorkshire,41.5797989110444
E10000023,2021,North Yorkshire,39.70512815336775
E10000023,2022,North Yorkshire,40.617264565046206
E10000024,2010,Nottinghamshire,38.169194827416014
E10000024,2011,Nottinghamshire,45.278709149584024
E10000024,2012,Nottinghamshire,52.84123017831745
E10000024,2013,Nottinghamshire,57.642165033202566
E10000024,2014,Nottinghamshire,54.80127372183974
E10000024,2015,Nottinghamshire,55.44222747472465
E10000024,2016,Nottinghamshire,54.43561251613897
E10000024,2017,Nottinghamshire,50.43606318825477
E10000024,2018,Nottinghamshire,51.27284699889616
E10000024,2019,Nottinghamshire,55.69944323515016
E10000024,2020,Nottinghamshire,58.68172197178813
E10000024,2021,Nottinghamshire,64.37618530510169
E10000024,2022,Nottinghamshire,62.04426532114557
E10000025,2010,Oxfordshire,35.133468141751834
E10000025,2011,Oxfordshire,32.9081938127152
E10000025,2012,Oxfordshire,34.534279664175926
E10000025,2013,Oxfordshire,31.748400980146094
E10000025,2014,Oxfordshire,35.208674268761385
E10000025,2015,Oxfordshire,39.10641673424012
E10000025,2016,Oxfordshire,45.00170631723174
E10000025,2017,Oxfordshire,50.403800374003005
E10000025,2018,Oxfordshire,51.235031252106914
E10000025,2019,Oxfordshire,57.59598807078697
E10000025,2020,Oxfordshire,56.09437969632231
E10000025,2021,Oxfordshire,56.77517268277398
E10000025,2022,Oxfordshire,61.61398898954986
E10000027,2010,Somerset,42.32241808643616
E10000027,2011,Somerset,44.40887865645165
E10000027,2012,Somerset,48.87974864141257
E10000027,2013,Somerset,50.647483050819794
E10000027,2014,Somerset,48.17664713224397
E10000027,2015,Somerset,48.22394217734392
E10000027,2016,Somerset,49.186161229269686
E10000027,2017,Somerset,46.37683590377563
E10000027,2018,Somerset,49.971421624819904
E10000027,2019,Somerset,51.36700718216198
E10000027,2020,Somerset,51.30815992580029
E10000027,2021,Somerset,50.203122172175014
E10000027,2022,Somerset,53.67264398284356
E10000028,2010,Staffordshire,45.789812385525465
E10000028,2011,Staffordshire,49.5819115696803
E10000028,2012,Staffordshire,55.03242281678827
E10000028,2013,Staffordshire,60.08709795715664
E10000028,2014,Staffordshire,60.46360052673402
E10000028,2015,Staffordshire,59.250677228717414
E10000028,2016,Staffordshire,62.45998780265839
E10000028,2017,Staffordshire,63.01770974270871
E10000028,2018,Staffordshire,69.41442521445205
E10000028,2019,Staffordshire,73.7711184912655
E10000028,2020,Staffordshire,76.43339556634949
E10000028,2021,Staffordshire,77.92413179666285
E10000028,2022,Staffordshire,81.6221657117175
E10000029,2010,Suffolk,54.917800453514744
E10000029,2011,Suffolk,55.41025184378212
E10000029,2012,Suffolk,55.32370660461316
E10000029,2013,Suffolk,52.17081993879473
E10000029,2014,Suffolk,51.50994900166663
E10000029,2015,Suffolk,52.00873423283531
E10000029,2016,Suffolk,56.53182392243267
E10000029,2017,Suffolk,59.25705134321444
E10000029,2018,Suffolk,60.70971756954333
E10000029,2019,Suffolk,61.529659968199105
E10000029,2020,Suffolk,66.91532042282152
E10000029,2021,Suffolk,68.31298892451971
E10000029,2022,Suffolk,66.50515484235257
E10000030,2010,Surrey,33.79238310907479
E10000030,2011,Surrey,31.564676142255728
E10000030,2012,Surrey,34.56001291254585
E10000030,2013,Surrey,35.320071831913445
E10000030,2014,Surrey,33.531557354567724
E10000030,2015,Surrey,33.01584204743431
E10000030,2016,Surrey,37.5913649341191
E10000030,2017,Surrey,37.44469696084777
E10000030,2018,Surrey,39.58304808976647
E10000030,2019,Surrey,40.590816100297666
E10000030,2020,Surrey,40.3084652418017
E10000030,2021,Surrey,40.69309332910783
E10000030,2022,Surrey,42.727645858078354
E10000031,2010,Warwickshire,54.99550471526675
E10000031,2011,Warwickshire,60.60017931650229
E10000031,2012,Warwickshire,64.97257077499343
E10000031,2013,Warwickshire,66.47540973833058
E10000031,2014,Warwickshire,65.62102979395895
E10000031,2015,Warwickshire,65.2319416650372
E10000031,2016,Warwickshire,71.79822049896052
E10000031,2017,Warwickshire,64.93525135841337
E10000031,2018,Warwickshire,65.80430434802071
E10000031,2019,Warwickshire,65.25363068580145
E10000031,2020,Warwickshire,67.39119747475995
E10000031,2021,Warwickshire,76.01879211766484
E10000031,2022,Warwickshire,71.88523833377616
E10000032,2010,West Sussex,51.44370027655084
E10000032,2011,West Sussex,48.49108886834576
E10000032,2012,West Sussex,43.20844632802167
E10000032,2013,West Sussex,42.74825796717517
E10000032,2014,West Sussex,38.32574388847535
E10000032,2015,West Sussex,40.32293478633851
E10000032,2016,West Sussex,40.10920726562158
E10000032,2017,West Sussex,41.466514856256985
E10000032,2018,West Sussex,43.61491140789269
E10000032,2019,West Sussex,43.23952875140153
E10000032,2020,West Sussex,49.075363167185905
E10000032,2021,West Sussex,53.935040016733694
E10000032,2022,West Sussex,51.95056440349647
E10000034,2010,Worcestershire,53.757512267739976
E10000034,2011,Worcestershire,55.04664189986918
E10000034,2012,Worcestershire,56.02615062063807
E10000034,2013,Worcestershire,59.0950550679923
E10000034,2014,Worcestershire,59.80063886568747
E10000034,2015,Worcestershire,63.89666239634514
E10000034,2016,Worcestershire,64.1370441025926
E10000034,2017,Worcestershire,70.35978525727532
E10000034,2018,Worcestershire,72.46429216402387
E10000034,2019,Worcestershire,75.30303854667082
E10000034,2020,Worcestershire,73.84455465899009
E10000034,2021,Worcestershire,77.40021197494235
E10000034,2022,Worcestershire,80.3803598628711
